quarter_end,component,rank,characteristic,loading,proposed_name
2015-03-31,pc_1,1,close_price,0.43590171638272524,
2015-03-31,pc_1,2,ask_price,0.43589850343205605,
2015-03-31,pc_1,3,bid_price,0.4358957985682463,
2015-03-31,pc_1,4,dividend_per_share,0.40727134797620257,
2015-03-31,pc_1,5,shares_outstanding,-0.3593695922260533,
2015-03-31,pc_2,1,sales_growth,0.4836043196675732,
2015-03-31,pc_2,2,market_cap,0.3963385395989816,
2015-03-31,pc_2,3,price_to_sales,0.3927423134328346,
2015-03-31,pc_2,4,analyst_rating,0.3678742886636708,
2015-03-31,pc_2,5,volatility_60d,-0.3008396059818302,
2015-03-31,pc_3,1,price_to_book,-0.47760926177839563,
2015-03-31,pc_3,2,normalized_roe,-0.47516603626722703,
2015-03-31,pc_3,3,rsi_14d,-0.3500102114665872,
2015-03-31,pc_3,4,sentiment,0.33697311565451266,
2015-03-31,pc_3,5,analyst_rating,0.2653547632287754,
2015-06-30,pc_1,1,close_price,0.440029184199725,
2015-06-30,pc_1,2,ask_price,0.44002137731635327,
2015-06-30,pc_1,3,bid_price,0.4400157095153248,
2015-06-30,pc_1,4,dividend_per_share,0.40493594295585766,
2015-06-30,pc_1,5,shares_outstanding,-0.37101048114344404,
2015-06-30,pc_2,1,sales_growth,0.4877001795425092,
2015-06-30,pc_2,2,rsi_14d,0.44452620460087444,
2015-06-30,pc_2,3,normalized_roe,0.42039900604359076,
2015-06-30,pc_2,4,price_to_book,0.39057128579176725,
2015-06-30,pc_2,5,volatility_60d,-0.26749353698615447,
2015-06-30,pc_3,1,market_cap,0.44860650150524534,
2015-06-30,pc_3,2,analyst_rating,0.44110325477917517,
2015-06-30,pc_3,3,price_to_book,-0.4189253995918003,
2015-06-30,pc_3,4,normalized_roe,-0.35416279701751946,
2015-06-30,pc_3,5,shares_outstanding,0.24661883227037998,
2015-09-30,pc_1,1,bid_price,0.4382944158508276,
2015-09-30,pc_1,2,ask_price,0.4382859317083245,
2015-09-30,pc_1,3,close_price,0.43824833645713007,
2015-09-30,pc_1,4,dividend_per_share,0.4032241005994642,
2015-09-30,pc_1,5,shares_outstanding,-0.3673902685478068,
2015-09-30,pc_2,1,sales_growth,0.5404025181353522,
2015-09-30,pc_2,2,volatility_60d,-0.4201084117921157,
2015-09-30,pc_2,3,rsi_14d,0.41019978776854416,
2015-09-30,pc_2,4,pe_ratio,-0.3065430725478807,
2015-09-30,pc_2,5,price_to_sales,0.27476514447085254,
2015-09-30,pc_3,1,market_cap,0.5222481747129287,
2015-09-30,pc_3,2,analyst_rating,0.42290554893253357,
2015-09-30,pc_3,3,rsi_14d,-0.37615387448590043,
2015-09-30,pc_3,4,price_to_book,-0.34917802796228786,
2015-09-30,pc_3,5,shares_outstanding,0.2599859643098827,
2015-12-31,pc_1,1,bid_price,0.4409802486670666,
2015-12-31,pc_1,2,ask_price,0.44097405109878174,
2015-12-31,pc_1,3,close_price,0.44095728240602794,
2015-12-31,pc_1,4,dividend_per_share,0.4040924167967808,
2015-12-31,pc_1,5,shares_outstanding,-0.3630685156068647,
2015-12-31,pc_2,1,sales_growth,0.5012474253394906,
2015-12-31,pc_2,2,volatility_60d,-0.4279324915620225,
2015-12-31,pc_2,3,rsi_14d,0.4139382879234553,
2015-12-31,pc_2,4,pe_ratio,-0.40098991500375636,
2015-12-31,pc_2,5,normalized_roe,0.25338062859234534,
2015-12-31,pc_3,1,analyst_rating,0.48686088527032195,
2015-12-31,pc_3,2,market_cap,0.48057121155834054,
2015-12-31,pc_3,3,price_to_sales,0.2977068883854387,
2015-12-31,pc_3,4,shares_outstanding,0.27512307909217876,
2015-12-31,pc_3,5,price_to_book,-0.23092375884392957,
2016-03-31,pc_1,1,bid_price,0.42793424557604165,
2016-03-31,pc_1,2,ask_price,0.4279124524181459,
2016-03-31,pc_1,3,close_price,0.42790201092544067,
2016-03-31,pc_1,4,dividend_per_share,0.3890381071330695,
2016-03-31,pc_1,5,shares_outstanding,-0.3394881785051604,
2016-03-31,pc_2,1,volatility_60d,-0.43364464000880965,
2016-03-31,pc_2,2,sales_growth,0.42179855581479775,
2016-03-31,pc_2,3,rsi_14d,0.400892611179991,
2016-03-31,pc_2,4,pe_ratio,-0.32800067467446187,
2016-03-31,pc_2,5,normalized_roe,0.326071565872032,
2016-03-31,pc_3,1,price_to_book,-0.41547056443403213,
2016-03-31,pc_3,2,market_cap,0.41131581859283356,
2016-03-31,pc_3,3,normalized_roe,-0.38721817781085527,
2016-03-31,pc_3,4,analyst_rating,0.2968976012926817,
2016-03-31,pc_3,5,cash_flow_growth,-0.2947464347932015,
2016-06-30,pc_1,1,close_price,0.42003066539388384,
2016-06-30,pc_1,2,bid_price,0.42002018544601755,
2016-06-30,pc_1,3,ask_price,0.4200153129952211,
2016-06-30,pc_1,4,dividend_per_share,0.3881915723470555,
2016-06-30,pc_1,5,shares_outstanding,-0.33853471356377024,
2016-06-30,pc_2,1,rsi_14d,0.4582728236526419,
2016-06-30,pc_2,2,sales_growth,0.4143271674732417,
2016-06-30,pc_2,3,normalized_roe,0.3942496413515454,
2016-06-30,pc_2,4,price_to_book,0.3598647126656439,
2016-06-30,pc_2,5,pe_ratio,-0.3400111644407566,
2016-06-30,pc_3,1,market_cap,0.5447703619945812,
2016-06-30,pc_3,2,analyst_rating,0.3241067636961177,
2016-06-30,pc_3,3,price_to_book,-0.316393892371895,
2016-06-30,pc_3,4,volatility_60d,-0.29168451145742635,
2016-06-30,pc_3,5,shares_outstanding,0.27580006959645553,
2016-09-30,pc_1,1,bid_price,0.4328381304620517,
2016-09-30,pc_1,2,ask_price,0.4328316058077769,
2016-09-30,pc_1,3,close_price,0.43282695256989595,
2016-09-30,pc_1,4,dividend_per_share,0.405377615508883,
2016-09-30,pc_1,5,shares_outstanding,-0.3451194679859232,
2016-09-30,pc_2,1,pe_ratio,-0.46799221711728134,
2016-09-30,pc_2,2,volatility_60d,-0.416327561406735,
2016-09-30,pc_2,3,rsi_14d,0.3798633827476528,
2016-09-30,pc_2,4,sales_growth,0.37828337134556006,
2016-09-30,pc_2,5,cash_flow_growth,-0.35349790244671386,
2016-09-30,pc_3,1,market_cap,0.4654319217503408,
2016-09-30,pc_3,2,price_to_book,-0.4366680495154819,
2016-09-30,pc_3,3,normalized_roe,-0.3972267583727194,
2016-09-30,pc_3,4,analyst_rating,0.3298759596581902,
2016-09-30,pc_3,5,rsi_14d,-0.27687230548890346,
2016-12-31,pc_1,1,close_price,0.4311546232607012,
2016-12-31,pc_1,2,bid_price,0.4311299567820241,
2016-12-31,pc_1,3,ask_price,0.4311255098973219,
2016-12-31,pc_1,4,dividend_per_share,0.4053922375669789,
2016-12-31,pc_1,5,shares_outstanding,-0.365868616548759,
2016-12-31,pc_2,1,sales_growth,0.5159720878539977,
2016-12-31,pc_2,2,volatility_60d,0.4771787344944447,
2016-12-31,pc_2,3,rsi_14d,0.37809192590945473,
2016-12-31,pc_2,4,market_cap,-0.3379536956831412,
2016-12-31,pc_2,5,price_to_sales,0.3163965487449955,
2016-12-31,pc_3,1,normalized_roe,-0.4586810931322358,
2016-12-31,pc_3,2,price_to_book,-0.4488095457798658,
2016-12-31,pc_3,3,market_cap,0.3963620527307609,
2016-12-31,pc_3,4,analyst_rating,0.3818986686393996,
2016-12-31,pc_3,5,ask_price,0.21831964972093976,
2017-03-31,pc_1,1,bid_price,0.4223289872726202,
2017-03-31,pc_1,2,ask_price,0.4223275190045095,
2017-03-31,pc_1,3,close_price,0.42232504944720894,
2017-03-31,pc_1,4,dividend_per_share,0.3945565368432107,
2017-03-31,pc_1,5,shares_outstanding,-0.36802598008299725,
2017-03-31,pc_2,1,pe_ratio,-0.44879361536125667,
2017-03-31,pc_2,2,market_cap,0.4325897846077075,
2017-03-31,pc_2,3,sales_growth,-0.41056014944181785,
2017-03-31,pc_2,4,volatility_60d,-0.3840403777954077,
2017-03-31,pc_2,5,cash_flow_growth,-0.2686742984861122,
2017-03-31,pc_3,1,price_to_book,-0.5879037018871495,
2017-03-31,pc_3,2,normalized_roe,-0.5718564100080338,
2017-03-31,pc_3,3,analyst_rating,0.24957729082096727,
2017-03-31,pc_3,4,market_cap,0.2069044372161699,
2017-03-31,pc_3,5,sales_growth,0.19136102693195728,
2017-06-30,pc_1,1,bid_price,0.41794517948106885,
2017-06-30,pc_1,2,close_price,0.4179371727525402,
2017-06-30,pc_1,3,ask_price,0.41793076120065487,
2017-06-30,pc_1,4,dividend_per_share,0.381820188280742,
2017-06-30,pc_1,5,shares_outstanding,-0.3640588931408081,
2017-06-30,pc_2,1,sales_growth,0.5113522896383327,
2017-06-30,pc_2,2,price_to_sales,0.41481374563026857,
2017-06-30,pc_2,3,volatility_60d,0.4122267219878775,
2017-06-30,pc_2,4,cash_flow_growth,0.34280273557637736,
2017-06-30,pc_2,5,rsi_14d,0.2621381072459217,
2017-06-30,pc_3,1,market_cap,0.5028124590958254,
2017-06-30,pc_3,2,price_to_book,-0.3580117961941354,
2017-06-30,pc_3,3,normalized_roe,-0.3370103110221859,
2017-06-30,pc_3,4,pe_ratio,-0.3182274152773633,
2017-06-30,pc_3,5,shares_outstanding,0.2651227591376264,
2017-09-30,pc_1,1,bid_price,0.423566455477644,
2017-09-30,pc_1,2,ask_price,0.42356552562553196,
2017-09-30,pc_1,3,close_price,0.4235576364584559,
2017-09-30,pc_1,4,dividend_per_share,0.38540378775206297,
2017-09-30,pc_1,5,shares_outstanding,-0.3785197841955817,
2017-09-30,pc_2,1,price_to_sales,0.3933792021306133,
2017-09-30,pc_2,2,rsi_14d,0.38628529674366485,
2017-09-30,pc_2,3,sales_growth,0.38595774516842385,
2017-09-30,pc_2,4,volatility_60d,0.3667185083562907,
2017-09-30,pc_2,5,normalized_roe,-0.2736831486906747,
2017-09-30,pc_3,1,market_cap,-0.5169414375956246,
2017-09-30,pc_3,2,volatility_60d,0.3497518947489119,
2017-09-30,pc_3,3,price_to_book,0.29665672304721635,
2017-09-30,pc_3,4,sales_growth,0.29165675880289005,
2017-09-30,pc_3,5,normalized_roe,0.26825499662905294,
2017-12-31,pc_1,1,close_price,0.4256262061056525,
2017-12-31,pc_1,2,ask_price,0.4255847533342264,
2017-12-31,pc_1,3,bid_price,0.42558381204821955,
2017-12-31,pc_1,4,dividend_per_share,0.3882787400403473,
2017-12-31,pc_1,5,shares_outstanding,-0.38237281911015897,
2017-12-31,pc_2,1,price_to_sales,0.37525893331350973,
2017-12-31,pc_2,2,sentiment,0.36999797251339017,
2017-12-31,pc_2,3,analyst_rating,0.3342323533852924,
2017-12-31,pc_2,4,normalized_roe,-0.3234662757020768,
2017-12-31,pc_2,5,rsi_14d,0.30195358943431694,
2017-12-31,pc_3,1,pe_ratio,0.47925009059732554,
2017-12-31,pc_3,2,sales_growth,0.4749209475736239,
2017-12-31,pc_3,3,market_cap,-0.4241619676614499,
2017-12-31,pc_3,4,cash_flow_growth,0.35929192018259803,
2017-12-31,pc_3,5,volatility_60d,0.22508200470719641,
2018-03-31,pc_1,1,close_price,0.41951885197685895,
2018-03-31,pc_1,2,ask_price,0.4194781035313867,
2018-03-31,pc_1,3,bid_price,0.4194729391074861,
2018-03-31,pc_1,4,dividend_per_share,0.39308190356315825,
2018-03-31,pc_1,5,shares_outstanding,-0.3830975366028815,
2018-03-31,pc_2,1,price_to_sales,0.39759068356762906,
2018-03-31,pc_2,2,volatility_60d,0.3617793093686929,
2018-03-31,pc_2,3,rsi_14d,0.35271862816243915,
2018-03-31,pc_2,4,sales_growth,0.3250055224376003,
2018-03-31,pc_2,5,pe_ratio,0.28802666500391255,
2018-03-31,pc_3,1,market_cap,-0.45104934966032917,
2018-03-31,pc_3,2,pe_ratio,0.4046052264500817,
2018-03-31,pc_3,3,sales_growth,0.36382866285224325,
2018-03-31,pc_3,4,price_to_book,0.3563837410062588,
2018-03-31,pc_3,5,normalized_roe,0.33378503683167476,
2018-06-30,pc_1,1,bid_price,0.4267559124074307,
2018-06-30,pc_1,2,ask_price,0.42675274987686396,
2018-06-30,pc_1,3,close_price,0.42668366531482854,
2018-06-30,pc_1,4,dividend_per_share,0.3922477077769858,
2018-06-30,pc_1,5,shares_outstanding,-0.3817419330188572,
2018-06-30,pc_2,1,rsi_14d,0.3852493555950766,
2018-06-30,pc_2,2,price_to_sales,0.38226652555663804,
2018-06-30,pc_2,3,pe_ratio,0.34495002959780097,
2018-06-30,pc_2,4,sentiment,0.3417850212827218,
2018-06-30,pc_2,5,normalized_roe,-0.28928786442995563,
2018-06-30,pc_3,1,price_to_book,0.4957844976056416,
2018-06-30,pc_3,2,normalized_roe,0.4793034721847422,
2018-06-30,pc_3,3,pe_ratio,0.3949191262571397,
2018-06-30,pc_3,4,price_to_sales,0.3626052302610182,
2018-06-30,pc_3,5,market_cap,-0.21456829684687267,
2018-09-30,pc_1,1,bid_price,0.4174999380995222,
2018-09-30,pc_1,2,ask_price,0.4174950863137069,
2018-09-30,pc_1,3,close_price,0.4174761938021184,
2018-09-30,pc_1,4,dividend_per_share,0.3943660039786973,
2018-09-30,pc_1,5,shares_outstanding,-0.3942458224183167,
2018-09-30,pc_2,1,price_to_sales,0.3915683939212151,
2018-09-30,pc_2,2,rsi_14d,0.3811281975937288,
2018-09-30,pc_2,3,sentiment,0.3454074616060652,
2018-09-30,pc_2,4,pe_ratio,0.33278897934187013,
2018-09-30,pc_2,5,normalized_roe,-0.2814688380485336,
2018-09-30,pc_3,1,price_to_book,0.49908499316218713,
2018-09-30,pc_3,2,normalized_roe,0.4884470369905863,
2018-09-30,pc_3,3,price_to_sales,0.3633585544914958,
2018-09-30,pc_3,4,sentiment,-0.3590727896402556,
2018-09-30,pc_3,5,pe_ratio,0.324336874458073,
2018-12-31,pc_1,1,close_price,0.4316131901051844,
2018-12-31,pc_1,2,ask_price,0.43157982294450714,
2018-12-31,pc_1,3,bid_price,0.43157442395107143,
2018-12-31,pc_1,4,dividend_per_share,0.39189814297738745,
2018-12-31,pc_1,5,shares_outstanding,-0.3753973672657222,
2018-12-31,pc_2,1,price_to_sales,0.43927220564778474,
2018-12-31,pc_2,2,rsi_14d,0.36671665101200085,
2018-12-31,pc_2,3,pe_ratio,0.35701163729494995,
2018-12-31,pc_2,4,market_cap,0.3203373386293084,
2018-12-31,pc_2,5,analyst_rating,0.30710435056335283,
2018-12-31,pc_3,1,normalized_roe,0.529615784620569,
2018-12-31,pc_3,2,price_to_book,0.4994210530109348,
2018-12-31,pc_3,3,sentiment,-0.4734706139496094,
2018-12-31,pc_3,4,pe_ratio,0.27523955739510303,
2018-12-31,pc_3,5,sales_growth,-0.26998547768561665,
2019-03-31,pc_1,1,bid_price,0.4263635796280317,
2019-03-31,pc_1,2,close_price,0.42636334785809177,
2019-03-31,pc_1,3,ask_price,0.4263577825944146,
2019-03-31,pc_1,4,dividend_per_share,0.39161234144577123,
2019-03-31,pc_1,5,shares_outstanding,-0.37130318578637456,
2019-03-31,pc_2,1,price_to_sales,0.4530150896448315,
2019-03-31,pc_2,2,pe_ratio,0.39529785505811077,
2019-03-31,pc_2,3,rsi_14d,0.3779592114311731,
2019-03-31,pc_2,4,market_cap,0.3609137241363264,
2019-03-31,pc_2,5,analyst_rating,0.30902926486074705,
2019-03-31,pc_3,1,normalized_roe,0.5440220287122104,
2019-03-31,pc_3,2,price_to_book,0.5240299224597447,
2019-03-31,pc_3,3,sentiment,-0.4897613676269582,
2019-03-31,pc_3,4,pe_ratio,0.22377317997973098,
2019-03-31,pc_3,5,price_to_sales,0.18689353501577,
2019-06-30,pc_1,1,close_price,0.45248335241293886,
2019-06-30,pc_1,2,ask_price,0.45247412113259755,
2019-06-30,pc_1,3,bid_price,0.4524728023047898,
2019-06-30,pc_1,4,dividend_per_share,0.38533974651366854,
2019-06-30,pc_1,5,shares_outstanding,-0.3402765206121385,
2019-06-30,pc_2,1,market_cap,0.44024069498556273,
2019-06-30,pc_2,2,price_to_sales,0.4335828007079499,
2019-06-30,pc_2,3,rsi_14d,0.40379308480315407,
2019-06-30,pc_2,4,pe_ratio,0.3868557684077599,
2019-06-30,pc_2,5,analyst_rating,0.3581394202033315,
2019-06-30,pc_3,1,sentiment,0.4710517701498289,
2019-06-30,pc_3,2,normalized_roe,-0.4644115577665511,
2019-06-30,pc_3,3,price_to_book,-0.4276179449241086,
2019-06-30,pc_3,4,volatility_60d,0.3729466701432428,
2019-06-30,pc_3,5,sales_growth,0.34548794235151076,
2019-09-30,pc_1,1,close_price,0.44658847504846905,
2019-09-30,pc_1,2,ask_price,0.44658829593056215,
2019-09-30,pc_1,3,bid_price,0.4465829930721703,
2019-09-30,pc_1,4,dividend_per_share,0.36663933114032493,
2019-09-30,pc_1,5,shares_outstanding,-0.3127873794863321,
2019-09-30,pc_2,1,market_cap,0.45535851961994633,
2019-09-30,pc_2,2,rsi_14d,0.4014634264039717,
2019-09-30,pc_2,3,price_to_sales,0.39421580738731715,
2019-09-30,pc_2,4,shares_outstanding,0.3498001835012254,
2019-09-30,pc_2,5,pe_ratio,0.3406119884820958,
2019-09-30,pc_3,1,normalized_roe,-0.5701451280868876,
2019-09-30,pc_3,2,price_to_book,-0.5648482572672473,
2019-09-30,pc_3,3,sentiment,0.41053184823215094,
2019-09-30,pc_3,4,volatility_60d,0.29255422983217183,
2019-09-30,pc_3,5,analyst_rating,0.16773794837362724,
2019-12-31,pc_1,1,bid_price,0.4577670893942082,
2019-12-31,pc_1,2,ask_price,0.45776523206615605,
2019-12-31,pc_1,3,close_price,0.45776059203395,
2019-12-31,pc_1,4,dividend_per_share,0.38440121907777997,
2019-12-31,pc_1,5,shares_outstanding,-0.3220505553594991,
2019-12-31,pc_2,1,market_cap,0.4236080245282289,
2019-12-31,pc_2,2,price_to_sales,0.4210177792267201,
2019-12-31,pc_2,3,rsi_14d,0.3593140385334214,
2019-12-31,pc_2,4,analyst_rating,0.34961135407484334,
2019-12-31,pc_2,5,shares_outstanding,0.3392864375361965,
2019-12-31,pc_3,1,volatility_60d,0.4992451929917857,
2019-12-31,pc_3,2,pe_ratio,0.4306202327511851,
2019-12-31,pc_3,3,market_cap,-0.3362664991627169,
2019-12-31,pc_3,4,sales_growth,0.3297789364550778,
2019-12-31,pc_3,5,price_to_sales,0.3073495145360657,
2020-03-31,pc_1,1,bid_price,0.4269664553230833,
2020-03-31,pc_1,2,close_price,0.42696550593462845,
2020-03-31,pc_1,3,ask_price,0.4269524777771454,
2020-03-31,pc_1,4,rsi_14d,0.2934475601010132,
2020-03-31,pc_1,5,dividend_per_share,0.2761121136181299,
2020-03-31,pc_2,1,shares_outstanding,0.43695986423506605,
2020-03-31,pc_2,2,market_cap,0.39279987845616304,
2020-03-31,pc_2,3,analyst_rating,0.3926516609705591,
2020-03-31,pc_2,4,rsi_14d,0.34750585863972355,
2020-03-31,pc_2,5,price_to_sales,0.32058633959597715,
2020-03-31,pc_3,1,normalized_roe,0.6349362994818996,
2020-03-31,pc_3,2,price_to_book,0.5816252816156114,
2020-03-31,pc_3,3,cash_flow_growth,0.25640252256827445,
2020-03-31,pc_3,4,analyst_rating,-0.23341826134721957,
2020-03-31,pc_3,5,volatility_60d,-0.23149771352261386,
2020-06-30,pc_1,1,rsi_14d,0.37543463550440037,
2020-06-30,pc_1,2,bid_price,0.3555706678915154,
2020-06-30,pc_1,3,ask_price,0.35556118666544706,
2020-06-30,pc_1,4,close_price,0.3555481620283628,
2020-06-30,pc_1,5,volatility_60d,-0.3295394845908905,
2020-06-30,pc_2,1,shares_outstanding,0.48149494876847,
2020-06-30,pc_2,2,dividend_per_share,-0.39004119528739556,
2020-06-30,pc_2,3,analyst_rating,0.37993383238998935,
2020-06-30,pc_2,4,market_cap,0.3221082435004345,
2020-06-30,pc_2,5,close_price,-0.2668672909350622,
2020-06-30,pc_3,1,normalized_roe,-0.536753702314015,
2020-06-30,pc_3,2,price_to_book,-0.523861747153222,
2020-06-30,pc_3,3,cash_flow_growth,-0.38050424117810205,
2020-06-30,pc_3,4,analyst_rating,0.24327919841651782,
2020-06-30,pc_3,5,pe_ratio,0.21871044876982904,
2020-09-30,pc_1,1,close_price,0.39688486838934833,
2020-09-30,pc_1,2,ask_price,0.39687319707188573,
2020-09-30,pc_1,3,bid_price,0.3968506977771624,
2020-09-30,pc_1,4,rsi_14d,0.3534841268507871,
2020-09-30,pc_1,5,sales_growth,0.3087314304162651,
2020-09-30,pc_2,1,shares_outstanding,0.4867906843046886,
2020-09-30,pc_2,2,analyst_rating,0.42630184620484735,
2020-09-30,pc_2,3,market_cap,0.37715296452043023,
2020-09-30,pc_2,4,dividend_per_share,-0.3408656497966989,
2020-09-30,pc_2,5,price_to_sales,0.3088547883412727,
2020-09-30,pc_3,1,normalized_roe,-0.5897890872742324,
2020-09-30,pc_3,2,price_to_book,-0.5779380426909669,
2020-09-30,pc_3,3,volatility_60d,0.3127754321966179,
2020-09-30,pc_3,4,bid_price,0.19386208260594204,
2020-09-30,pc_3,5,close_price,0.193826392641161,
2020-12-31,pc_1,1,rsi_14d,0.37953251437953794,
2020-12-31,pc_1,2,ask_price,0.3643791930723102,
2020-12-31,pc_1,3,close_price,0.36436176807373405,
2020-12-31,pc_1,4,bid_price,0.3643510926201896,
2020-12-31,pc_1,5,sales_growth,0.33182405779114904,
2020-12-31,pc_2,1,shares_outstanding,0.4845950199618189,
2020-12-31,pc_2,2,analyst_rating,0.36912731254652204,
2020-12-31,pc_2,3,dividend_per_share,-0.35907714771280247,
2020-12-31,pc_2,4,market_cap,0.3368880115833027,
2020-12-31,pc_2,5,bid_price,-0.27039927312282896,
2020-12-31,pc_3,1,normalized_roe,-0.6224383753716397,
2020-12-31,pc_3,2,price_to_book,-0.5870451298133208,
2020-12-31,pc_3,3,sentiment,0.27049290255243197,
2020-12-31,pc_3,4,analyst_rating,0.22520857612221643,
2020-12-31,pc_3,5,volatility_60d,0.17948303974770138,
2021-03-31,pc_1,1,bid_price,0.4271622630379018,
2021-03-31,pc_1,2,close_price,0.427160800169331,
2021-03-31,pc_1,3,ask_price,0.4271458210877851,
2021-03-31,pc_1,4,rsi_14d,0.34277753523012294,
2021-03-31,pc_1,5,dividend_per_share,0.3141337796636078,
2021-03-31,pc_2,1,shares_outstanding,0.46848422464843015,
2021-03-31,pc_2,2,analyst_rating,0.4077388092827978,
2021-03-31,pc_2,3,market_cap,0.3943680637862122,
2021-03-31,pc_2,4,price_to_sales,0.2805006486691353,
2021-03-31,pc_2,5,sales_growth,0.27634694093780093,
2021-03-31,pc_3,1,normalized_roe,0.6143288303226049,
2021-03-31,pc_3,2,price_to_book,0.5915164481638819,
2021-03-31,pc_3,3,volatility_60d,-0.31941804851947275,
2021-03-31,pc_3,4,sentiment,-0.30354915044108577,
2021-03-31,pc_3,5,rsi_14d,0.14412097699288948,
2021-06-30,pc_1,1,bid_price,0.4474169194569412,
2021-06-30,pc_1,2,close_price,0.4474140612798355,
2021-06-30,pc_1,3,ask_price,0.4473817651780643,
2021-06-30,pc_1,4,dividend_per_share,0.3379287670258831,
2021-06-30,pc_1,5,rsi_14d,0.33658061183005344,
2021-06-30,pc_2,1,shares_outstanding,0.4913860093200212,
2021-06-30,pc_2,2,market_cap,0.4560123381725326,
2021-06-30,pc_2,3,analyst_rating,0.4336608034085288,
2021-06-30,pc_2,4,rsi_14d,0.3078345139577971,
2021-06-30,pc_2,5,price_to_sales,0.30135308374662395,
2021-06-30,pc_3,1,normalized_roe,-0.5067542615791212,
2021-06-30,pc_3,2,price_to_book,-0.4818310237389693,
2021-06-30,pc_3,3,sentiment,0.3978128955993496,
2021-06-30,pc_3,4,sales_growth,0.34052086452096575,
2021-06-30,pc_3,5,volatility_60d,0.26414494409914896,
2021-09-30,pc_1,1,bid_price,0.4098330907989093,
2021-09-30,pc_1,2,close_price,0.4098263564632766,
2021-09-30,pc_1,3,ask_price,0.4098176958148422,
2021-09-30,pc_1,4,rsi_14d,0.35230007811785247,
2021-09-30,pc_1,5,dividend_per_share,0.2994563270691417,
2021-09-30,pc_2,1,shares_outstanding,-0.46821469308352204,
2021-09-30,pc_2,2,market_cap,-0.3697358784969456,
2021-09-30,pc_2,3,analyst_rating,-0.35372394282674113,
2021-09-30,pc_2,4,dividend_per_share,0.30762224685917877,
2021-09-30,pc_2,5,cash_flow_growth,0.28487624784167576,
2021-09-30,pc_3,1,normalized_roe,-0.5167167080075858,
2021-09-30,pc_3,2,price_to_book,-0.4938235018377083,
2021-09-30,pc_3,3,sentiment,0.3973730021609832,
2021-09-30,pc_3,4,analyst_rating,0.2686598360558672,
2021-09-30,pc_3,5,sales_growth,0.2550988522896365,
2021-12-31,pc_1,1,bid_price,0.408334223603651,
2021-12-31,pc_1,2,ask_price,0.40833066195142004,
2021-12-31,pc_1,3,close_price,0.40831644901000563,
2021-12-31,pc_1,4,rsi_14d,0.3785837704844823,
2021-12-31,pc_1,5,price_to_sales,0.285930784566048,
2021-12-31,pc_2,1,shares_outstanding,0.47175332384026014,
2021-12-31,pc_2,2,analyst_rating,0.38478233859382316,
2021-12-31,pc_2,3,dividend_per_share,-0.3775499041287143,
2021-12-31,pc_2,4,market_cap,0.33044959593943024,
2021-12-31,pc_2,5,price_to_sales,0.2890275075270927,
2021-12-31,pc_3,1,normalized_roe,-0.5736027758315607,
2021-12-31,pc_3,2,price_to_book,-0.5583411918868458,
2021-12-31,pc_3,3,sentiment,0.44956680307757746,
2021-12-31,pc_3,4,sales_growth,0.2583369141639642,
2021-12-31,pc_3,5,volatility_60d,0.22344372583153363,
2022-03-31,pc_1,1,close_price,0.39934349904458605,
2022-03-31,pc_1,2,bid_price,0.39928332845607306,
2022-03-31,pc_1,3,ask_price,0.3992458477716667,
2022-03-31,pc_1,4,rsi_14d,0.347003430710726,
2022-03-31,pc_1,5,market_cap,0.3024728598368686,
2022-03-31,pc_2,1,shares_outstanding,0.4613494273274207,
2022-03-31,pc_2,2,dividend_per_share,-0.38890921523829,
2022-03-31,pc_2,3,analyst_rating,0.35007346499587016,
2022-03-31,pc_2,4,market_cap,0.3039744672019595,
2022-03-31,pc_2,5,ask_price,-0.28513752744495346,
2022-03-31,pc_3,1,normalized_roe,0.5620936764187557,
2022-03-31,pc_3,2,price_to_book,0.5617213901488307,
2022-03-31,pc_3,3,sales_growth,-0.32989842415974174,
2022-03-31,pc_3,4,sentiment,-0.31134765845717643,
2022-03-31,pc_3,5,volatility_60d,-0.2865657617089902,
2022-06-30,pc_1,1,bid_price,0.485083187040244,
2022-06-30,pc_1,2,ask_price,0.4850808859226637,
2022-06-30,pc_1,3,close_price,0.48506978631337466,
2022-06-30,pc_1,4,dividend_per_share,0.3796606579896883,
2022-06-30,pc_1,5,shares_outstanding,-0.2611162910725769,
2022-06-30,pc_2,1,analyst_rating,0.4563114565605233,
2022-06-30,pc_2,2,market_cap,0.45436537102744645,
2022-06-30,pc_2,3,price_to_sales,0.4089860352868013,
2022-06-30,pc_2,4,shares_outstanding,0.40811479893917646,
2022-06-30,pc_2,5,pe_ratio,0.3456570456602867,
2022-06-30,pc_3,1,normalized_roe,-0.5482963062593184,
2022-06-30,pc_3,2,price_to_book,-0.5276486710986447,
2022-06-30,pc_3,3,sentiment,0.3840878576292689,
2022-06-30,pc_3,4,volatility_60d,0.3357162880987194,
2022-06-30,pc_3,5,sales_growth,0.23726921024389608,
2022-09-30,pc_1,1,ask_price,0.4861421646462187,
2022-09-30,pc_1,2,bid_price,0.48611955740340956,
2022-09-30,pc_1,3,close_price,0.4860956464734284,
2022-09-30,pc_1,4,dividend_per_share,0.39796812616995847,
2022-09-30,pc_1,5,shares_outstanding,-0.2826163061402839,
2022-09-30,pc_2,1,analyst_rating,0.4225719454155626,
2022-09-30,pc_2,2,pe_ratio,0.4166688478018955,
2022-09-30,pc_2,3,price_to_sales,0.4166300820761324,
2022-09-30,pc_2,4,market_cap,0.4059937482393766,
2022-09-30,pc_2,5,shares_outstanding,0.35011205874448553,
2022-09-30,pc_3,1,normalized_roe,-0.5039402050558089,
2022-09-30,pc_3,2,price_to_book,-0.4933358050553416,
2022-09-30,pc_3,3,sentiment,0.35855137788035163,
2022-09-30,pc_3,4,volatility_60d,0.33528278622134566,
2022-09-30,pc_3,5,sales_growth,0.25947104414661676,
2022-12-31,pc_1,1,bid_price,0.4555187579250612,
2022-12-31,pc_1,2,close_price,0.45551715618165,
2022-12-31,pc_1,3,ask_price,0.45551283163058587,
2022-12-31,pc_1,4,dividend_per_share,0.4289410564901296,
2022-12-31,pc_1,5,shares_outstanding,-0.3499290450603124,
2022-12-31,pc_2,1,price_to_sales,0.43659850342419726,
2022-12-31,pc_2,2,analyst_rating,0.42208905355633997,
2022-12-31,pc_2,3,pe_ratio,0.39280115040158253,
2022-12-31,pc_2,4,market_cap,0.3743649532777207,
2022-12-31,pc_2,5,sales_growth,-0.30929973264243676,
2022-12-31,pc_3,1,normalized_roe,-0.5632394158709642,
2022-12-31,pc_3,2,price_to_book,-0.5427098730495519,
2022-12-31,pc_3,3,sentiment,0.32065055157721495,
2022-12-31,pc_3,4,sales_growth,0.29905725293674407,
2022-12-31,pc_3,5,pe_ratio,-0.21808678089446426,
2023-03-31,pc_1,1,close_price,0.43747100569046854,
2023-03-31,pc_1,2,bid_price,0.43744727704323716,
2023-03-31,pc_1,3,ask_price,0.4374367318072725,
2023-03-31,pc_1,4,dividend_per_share,0.41696186039035543,
2023-03-31,pc_1,5,shares_outstanding,-0.37256123498924437,
2023-03-31,pc_2,1,market_cap,0.417905134055913,
2023-03-31,pc_2,2,price_to_sales,0.41667247518873574,
2023-03-31,pc_2,3,analyst_rating,0.4117676845881702,
2023-03-31,pc_2,4,pe_ratio,0.39047783765375266,
2023-03-31,pc_2,5,rsi_14d,0.25236172330807244,
2023-03-31,pc_3,1,normalized_roe,-0.6097939243227285,
2023-03-31,pc_3,2,price_to_book,-0.5584875855460736,
2023-03-31,pc_3,3,volatility_60d,0.3288719028588997,
2023-03-31,pc_3,4,sentiment,0.28729363203060637,
2023-03-31,pc_3,5,sales_growth,0.23071042664327143,
2023-06-30,pc_1,1,analyst_rating,0.421413925771118,
2023-06-30,pc_1,2,pe_ratio,0.4130620122159985,
2023-06-30,pc_1,3,price_to_sales,0.4075733790968641,
2023-06-30,pc_1,4,market_cap,0.40594746187913866,
2023-06-30,pc_1,5,shares_outstanding,0.3198960615010406,
2023-06-30,pc_2,1,bid_price,0.47624027469214936,
2023-06-30,pc_2,2,ask_price,0.4762322283363357,
2023-06-30,pc_2,3,close_price,0.47622363701314024,
2023-06-30,pc_2,4,dividend_per_share,0.3997772473171331,
2023-06-30,pc_2,5,shares_outstanding,-0.2930566217315132,
2023-06-30,pc_3,1,normalized_roe,0.6020408427395647,
2023-06-30,pc_3,2,price_to_book,0.5241269374836494,
2023-06-30,pc_3,3,volatility_60d,-0.3208441559759606,
2023-06-30,pc_3,4,sentiment,-0.2602695403020501,
2023-06-30,pc_3,5,sales_growth,-0.23929482130719765,
2023-09-30,pc_1,1,analyst_rating,0.3996512916714662,
2023-09-30,pc_1,2,price_to_sales,0.38994488021914503,
2023-09-30,pc_1,3,pe_ratio,0.36021595248220917,
2023-09-30,pc_1,4,cash_flow_growth,0.3464211980567053,
2023-09-30,pc_1,5,market_cap,0.34041791918354963,
2023-09-30,pc_2,1,ask_price,0.49032480238215,
2023-09-30,pc_2,2,bid_price,0.4903224553063428,
2023-09-30,pc_2,3,close_price,0.49030665839088433,
2023-09-30,pc_2,4,dividend_per_share,0.3607971617304558,
2023-09-30,pc_2,5,shares_outstanding,-0.22066018611007568,
2023-09-30,pc_3,1,normalized_roe,0.6515960510582841,
2023-09-30,pc_3,2,price_to_book,0.6169641393348383,
2023-09-30,pc_3,3,sentiment,-0.303873653322632,
2023-09-30,pc_3,4,pe_ratio,0.18378025250362506,
2023-09-30,pc_3,5,shares_outstanding,-0.15068704741347388,
2023-12-31,pc_1,1,close_price,0.3864163534489602,
2023-12-31,pc_1,2,ask_price,0.386389693466324,
2023-12-31,pc_1,3,bid_price,0.3863817230399069,
2023-12-31,pc_1,4,rsi_14d,0.36473709850431346,
2023-12-31,pc_1,5,price_to_sales,0.31365025027030696,
2023-12-31,pc_2,1,shares_outstanding,0.42904840299193436,
2023-12-31,pc_2,2,dividend_per_share,-0.3502372394169897,
2023-12-31,pc_2,3,analyst_rating,0.3183469297480843,
2023-12-31,pc_2,4,sales_growth,0.31368099554420936,
2023-12-31,pc_2,5,bid_price,-0.27553986454753154,
2023-12-31,pc_3,1,normalized_roe,0.6397425601036434,
2023-12-31,pc_3,2,price_to_book,0.5961383133116138,
2023-12-31,pc_3,3,volatility_60d,-0.2992084027740601,
2023-12-31,pc_3,4,sentiment,-0.20309225654108812,
2023-12-31,pc_3,5,pe_ratio,-0.17345077847480767,
2024-03-31,pc_1,1,analyst_rating,0.3940041537091424,
2024-03-31,pc_1,2,price_to_sales,0.3918601390440978,
2024-03-31,pc_1,3,pe_ratio,0.3674941614786386,
2024-03-31,pc_1,4,market_cap,0.3524500308558054,
2024-03-31,pc_1,5,sales_growth,0.33769415061539526,
2024-03-31,pc_2,1,ask_price,0.44062314960689863,
2024-03-31,pc_2,2,bid_price,0.4406160104613536,
2024-03-31,pc_2,3,close_price,0.44058009422837435,
2024-03-31,pc_2,4,dividend_per_share,0.4395453698957681,
2024-03-31,pc_2,5,shares_outstanding,-0.31377427095952887,
2024-03-31,pc_3,1,normalized_roe,0.6809215487797717,
2024-03-31,pc_3,2,price_to_book,0.6764470825202341,
2024-03-31,pc_3,3,sentiment,-0.14322506590596767,
2024-03-31,pc_3,4,volatility_60d,-0.1119383562683583,
2024-03-31,pc_3,5,pe_ratio,0.11170983229105781,
2024-06-30,pc_1,1,analyst_rating,0.37019170686385316,
2024-06-30,pc_1,2,market_cap,0.35365665654351647,
2024-06-30,pc_1,3,price_to_sales,0.3535791197462899,
2024-06-30,pc_1,4,rsi_14d,0.3460636823973378,
2024-06-30,pc_1,5,pe_ratio,0.32825944529843826,
2024-06-30,pc_2,1,dividend_per_share,0.453625967852619,
2024-06-30,pc_2,2,bid_price,0.40999544395130416,
2024-06-30,pc_2,3,ask_price,0.4099847624509822,
2024-06-30,pc_2,4,close_price,0.4099315602598905,
2024-06-30,pc_2,5,shares_outstanding,-0.36769760299801485,
2024-06-30,pc_3,1,price_to_book,0.677752517140585,
2024-06-30,pc_3,2,normalized_roe,0.6773607132830742,
2024-06-30,pc_3,3,sentiment,-0.1467597441648184,
2024-06-30,pc_3,4,shares_outstanding,-0.13383090716077434,
2024-06-30,pc_3,5,market_cap,-0.0948158521202166,
2024-09-30,pc_1,1,market_cap,0.3381949267162713,
2024-09-30,pc_1,2,rsi_14d,0.33779949202297366,
2024-09-30,pc_1,3,pe_ratio,0.33744187311966795,
2024-09-30,pc_1,4,analyst_rating,0.3297998696346899,
2024-09-30,pc_1,5,price_to_sales,0.3285772337194643,
2024-09-30,pc_2,1,dividend_per_share,-0.4223463734261453,
2024-09-30,pc_2,2,shares_outstanding,0.4033355303392982,
2024-09-30,pc_2,3,close_price,-0.3493380529009852,
2024-09-30,pc_2,4,bid_price,-0.3493349518985186,
2024-09-30,pc_2,5,ask_price,-0.34932805069678846,
2024-09-30,pc_3,1,normalized_roe,0.6635401426350507,
2024-09-30,pc_3,2,price_to_book,0.6453986602642913,
2024-09-30,pc_3,3,volatility_60d,-0.23076956745463373,
2024-09-30,pc_3,4,shares_outstanding,-0.15923250679264514,
2024-09-30,pc_3,5,sales_growth,-0.13657472211967878,
2024-12-31,pc_1,1,market_cap,0.3532855641153907,
2024-12-31,pc_1,2,rsi_14d,0.3458507243100943,
2024-12-31,pc_1,3,price_to_sales,0.32407266900990606,
2024-12-31,pc_1,4,close_price,0.3217245447618709,
2024-12-31,pc_1,5,ask_price,0.32170034641729395,
2024-12-31,pc_2,1,shares_outstanding,0.4370983611109784,
2024-12-31,pc_2,2,dividend_per_share,-0.4286510674669622,
2024-12-31,pc_2,3,bid_price,-0.3534267021282408,
2024-12-31,pc_2,4,ask_price,-0.3534010847772485,
2024-12-31,pc_2,5,close_price,-0.3533522715368308,
2024-12-31,pc_3,1,normalized_roe,0.6566112093076465,
2024-12-31,pc_3,2,price_to_book,0.6498130413128013,
2024-12-31,pc_3,3,volatility_60d,-0.1978224971381352,
2024-12-31,pc_3,4,pe_ratio,0.173953095384691,
2024-12-31,pc_3,5,sentiment,-0.17309140651172414,
