date,close,volume
2014-01-02,229.6619415283203,396500
2014-01-03,230.6677703857422,442900
2014-01-06,230.59446716308594,502400
2014-01-07,232.7163848876953,422700
2014-01-08,232.64280700683594,689100
2014-01-09,232.0701904296875,472600
2014-01-10,231.23316955566406,517500
2014-01-13,225.01437377929688,789400
2014-01-14,227.9879608154297,608400
2014-01-15,229.62518310546875,1043600
2014-01-16,233.31834411621094,1526000
2014-01-17,232.5401153564453,1024100
2014-01-21,234.04522705078125,669200
2014-01-22,237.80441284179688,1001400
2014-01-23,231.69577026367188,1136500
2014-01-24,222.54745483398438,1046400
2014-01-27,220.2273406982422,1133700
2014-01-28,222.97323608398438,1063700
2014-01-29,219.6839599609375,747200
2014-01-30,224.25811767578125,689200
2014-01-31,220.60911560058594,920100
2014-02-03,210.2714080810547,1583700
2014-02-04,212.73831176757812,918300
2014-02-05,212.38587951660156,917900
2014-02-06,216.49745178222656,858300
2014-02-07,220.16854858398438,864900
2014-02-10,221.020263671875,734700
2014-02-11,224.04525756835938,763800
2014-02-12,222.84115600585938,659700
2014-02-13,223.597412109375,550500
2014-02-14,222.4886932373047,664300
2014-02-18,224.6399688720703,513800
2014-02-19,220.6237335205078,592500
2014-02-20,220.64576721191406,606400
2014-02-21,219.52978515625,567600
2014-02-24,222.16555786132812,635100
2014-02-25,220.4108428955078,716100
2014-02-26,218.52395629882812,681100
2014-02-27,224.5298309326172,792500
2014-02-28,223.8175811767578,887400
2014-03-03,220.52096557617188,683400
2014-03-04,225.5650177001953,732900
2014-03-05,226.88763427734375,540400
2014-03-06,229.8651580810547,737400
2014-03-07,229.62869262695312,760300
2014-03-10,227.91453552246094,809800
2014-03-11,228.15093994140625,845800
2014-03-12,228.217529296875,555100
2014-03-13,221.1023406982422,1027800
2014-03-14,218.48683166503906,718100
2014-03-17,220.70339965820312,746400
2014-03-18,222.4544677734375,410000
2014-03-19,220.47433471679688,668400
2014-03-20,222.38796997070312,646000
2014-03-21,223.03085327148438,1333100
2014-03-24,223.56277465820312,882900
2014-03-25,227.2718048095703,907700
2014-03-26,228.4908447265625,963100
2014-03-27,226.4590606689453,665200
2014-03-28,229.70257568359375,701500
2014-03-31,232.35516357421875,652100
2014-04-01,234.13583374023438,758300
2014-04-02,235.36219787597656,586400
2014-04-03,232.47332763671875,554500
2014-04-04,228.24710083007812,875800
2014-04-07,224.5305938720703,833300
2014-04-08,223.4296875,831200
2014-04-09,227.8038330078125,569900
2014-04-10,218.6641387939453,875600
2014-04-11,217.00909423828125,929600
2014-04-14,220.52603149414062,729100
2014-04-15,222.18116760253906,633500
2014-04-16,229.1559295654297,1089800
2014-04-17,227.8480224609375,1011700
2014-04-21,226.00099182128906,651400
2014-04-22,227.766845703125,581900
2014-04-23,227.2718048095703,485100
2014-04-24,224.33114624023438,545100
2014-04-25,221.98899841308594,394100
2014-04-28,220.5482635498047,807600
2014-04-29,222.02590942382812,492300
2014-04-30,222.39537048339844,423000
2014-05-01,222.43228149414062,588700
2014-05-02,220.91757202148438,605300
2014-05-05,220.5482635498047,509600
2014-05-06,218.93016052246094,591400
2014-05-07,220.91757202148438,611700
2014-05-08,221.9372100830078,581900
2014-05-09,223.38546752929688,524400
2014-05-12,225.04043579101562,694200
2014-05-13,223.843505859375,595000
2014-05-14,222.98635864257812,474900
2014-05-15,219.45468139648438,662500
2014-05-16,219.83155822753906,544600
2014-05-19,220.91757202148438,402100
2014-05-20,219.0187225341797,437400
2014-05-21,221.5826873779297,450200
2014-05-22,222.07769775390625,410600
2014-05-23,222.166259765625,358100
2014-05-27,225.077392578125,464000
2014-05-28,222.7425994873047,623000
2014-05-29,225.21780395507812,406400
2014-05-30,225.27688598632812,365100
2014-06-02,226.1116943359375,404200
2014-06-03,228.0180206298828,719300
2014-06-04,229.5991668701172,558200
2014-06-05,230.42457580566406,566400
2014-06-06,233.42059326171875,457000
2014-06-09,233.874267578125,401500
2014-06-10,233.97085571289062,392700
2014-06-11,231.50987243652344,408200
2014-06-12,229.59922790527344,519900
2014-06-13,230.0675048828125,340700
2014-06-16,230.01556396484375,471700
2014-06-17,232.00057983398438,453200
2014-06-18,237.79977416992188,935200
2014-06-19,237.01905822753906,700900
2014-06-20,236.46145629882812,670100
2014-06-23,236.3648223876953,466700
2014-06-24,235.13070678710938,584200
2014-06-25,235.68077087402344,514600
2014-06-26,234.35743713378906,605300
2014-06-27,235.74755859375,521300
2014-06-30,237.61390686035156,503500
2014-07-01,239.6807098388672,494600
2014-07-02,239.30148315429688,540100
2014-07-03,240.58770751953125,276500
2014-07-07,238.7884521484375,387200
2014-07-08,236.6547088623047,451300
2014-07-09,238.62484741210938,345500
2014-07-10,234.86302185058594,538900
2014-07-11,236.28292846679688,614800
2014-07-14,240.33499145507812,650700
2014-07-15,240.6916961669922,1063000
2014-07-16,241.75491333007812,883300
2014-07-17,236.2682342529297,761700
2014-07-18,238.55059814453125,672800
2014-07-21,236.88525390625,558100
2014-07-22,237.21240234375,520400
2014-07-23,235.3462677001953,688900
2014-07-24,235.9484100341797,395600
2014-07-25,234.12698364257812,508300
2014-07-28,235.25704956054688,558900
2014-07-29,233.85179138183594,454500
2014-07-30,234.06008911132812,504000
2014-07-31,226.55836486816406,843500
2014-08-01,225.60679626464844,770000
2014-08-04,227.03428649902344,881200
2014-08-05,223.859619140625,755400
2014-08-06,226.030517578125,668900
2014-08-07,225.2499237060547,431500
2014-08-08,228.84078979492188,395800
2014-08-11,229.31666564941406,355700
2014-08-12,231.13067626953125,554100
2014-08-13,232.7069854736328,383600
2014-08-14,233.98558044433594,334300
2014-08-15,234.275634765625,588400
2014-08-18,237.7105712890625,465200
2014-08-19,239.06358337402344,708900
2014-08-20,241.42037963867188,527400
2014-08-21,242.58767700195312,516000
2014-08-22,242.37203979492188,457500
2014-08-25,247.5465850830078,706800
2014-08-26,250.1561737060547,696900
2014-08-27,247.9852294921875,553600
2014-08-28,245.90638732910156,555200
2014-08-29,247.17018127441406,492500
2014-09-02,245.8914794921875,772500
2014-09-03,247.6786346435547,446200
2014-09-04,248.06759643554688,441100
2014-09-05,248.8227996826172,395100
2014-09-08,248.57608032226562,334100
2014-09-09,245.60728454589844,373100
2014-09-10,246.6691436767578,468800
2014-09-11,245.65963745117188,505000
2014-09-12,246.07839965820312,377000
2014-09-15,244.49302673339844,380900
2014-09-16,245.40536499023438,589000
2014-09-17,246.5792999267578,534700
2014-09-18,249.47340393066406,481700
2014-09-19,248.08253479003906,804000
2014-09-22,244.9865264892578,395100
2014-09-23,243.0797119140625,423000
2014-09-24,246.0259246826172,399400
2014-09-25,240.43251037597656,676100
2014-09-26,250.5651397705078,1289400
2014-09-29,247.25978088378906,760300
2014-09-30,245.51759338378906,770900
2014-10-01,241.71878051757812,808300
2014-10-02,241.98043823242188,476500
2014-10-03,244.59027099609375,492100
2014-10-06,243.87237548828125,432600
2014-10-07,238.43576049804688,494400
2014-10-08,242.95260620117188,818200
2014-10-09,235.71383666992188,685200
2014-10-10,230.9728546142578,795700
2014-10-13,227.26373291015625,578300
2014-10-14,229.3799591064453,816700
2014-10-15,232.0945281982422,1566900
2014-10-16,232.3338623046875,916800
2014-10-17,236.0653533935547,698900
2014-10-20,234.1584014892578,782800
2014-10-21,238.66770935058594,769700
2014-10-22,236.2148895263672,716300
2014-10-23,240.85122680664062,540400
2014-10-24,242.93768310546875,378200
2014-10-27,242.8778839111328,426000
2014-10-28,246.31024169921875,406500
2014-10-29,248.2619171142578,681700
2014-10-30,249.18914794921875,601500
2014-10-31,255.0818634033203,761400
2014-11-03,253.35452270507812,669800
2014-11-04,255.39596557617188,753700
2014-11-05,257.429931640625,691900
2014-11-06,259.9575500488281,481700
2014-11-07,262.8364562988281,732300
2014-11-10,262.2532653808594,542900
2014-11-11,262.6197204589844,323200
2014-11-12,261.65509033203125,456700
2014-11-13,260.66796875,395800
2014-11-14,260.01727294921875,234900
2014-11-17,259.47149658203125,286700
2014-11-18,260.189453125,379900
2014-11-19,259.0079040527344,325400
2014-11-20,259.8902282714844,305300
2014-11-21,266.1492919921875,842600
2014-11-24,266.0596008300781,457600
2014-11-25,266.9794616699219,544900
2014-11-26,267.42071533203125,306900
2014-11-28,268.519775390625,286300
2014-12-01,266.9259033203125,584500
2014-12-02,267.5273742675781,571800
2014-12-03,268.3243408203125,456600
2014-12-04,271.1963806152344,581900
2014-12-05,273.9707336425781,479400
2014-12-08,273.39178466796875,489200
2014-12-09,272.7225341796875,440800
2014-12-10,268.42218017578125,511400
2014-12-11,266.02362060546875,622200
2014-12-12,256.2949523925781,761200
2014-12-15,255.19715881347656,640000
2014-12-16,253.3251190185547,609000
2014-12-17,262.0389099121094,664000
2014-12-18,269.7903747558594,579700
2014-12-19,270.7753601074219,1060400
2014-12-22,271.5423278808594,337900
2014-12-23,273.827880859375,600400
2014-12-24,273.421875,153300
2014-12-26,273.39178466796875,155200
2014-12-29,273.2639465332031,204900
2014-12-30,272.2264404296875,253300
2014-12-31,268.8280334472656,298800
2015-01-02,268.20404052734375,367000
2015-01-05,261.26458740234375,465900
2015-01-06,257.2047119140625,626400
2015-01-07,262.6479187011719,388300
2015-01-08,265.7155456542969,480600
2015-01-09,262.5653076171875,542500
2015-01-12,260.8360900878906,331500
2015-01-13,261.6254577636719,406700
2015-01-14,259.9488525390625,717400
2015-01-15,257.4677429199219,661800
2015-01-16,261.69317626953125,916300
2015-01-20,260.5803527832031,939800
2015-01-21,262.7682189941406,822300
2015-01-22,271.256591796875,714600
2015-01-23,266.9936218261719,415000
2015-01-26,268.7002258300781,470000
2015-01-27,264.2568359375,435800
2015-01-28,259.4075622558594,562200
2015-01-29,260.8434753417969,593600
2015-01-30,256.0091857910156,663200
2015-02-02,261.36981201171875,610100
2015-02-03,265.362060546875,655300
2015-02-04,263.73065185546875,543800
2015-02-05,269.77545166015625,743600
2015-02-06,272.489501953125,653700
2015-02-09,271.3166198730469,402500
2015-02-10,278.6846923828125,726700
2015-02-11,278.105712890625,461300
2015-02-12,281.8498840332031,444700
2015-02-13,282.7221984863281,553700
2015-02-17,285.9475402832031,1122400
2015-02-18,284.0904846191406,583200
2015-02-19,283.902587890625,498700
2015-02-20,283.1732482910156,774200
2015-02-23,283.0153503417969,443600
2015-02-24,284.2785339355469,451700
2015-02-25,282.6319274902344,443200
2015-02-26,281.9552307128906,397700
2015-02-27,279.24853515625,702200
2015-03-02,283.00775146484375,478000
2015-03-03,280.9327087402344,428900
2015-03-04,279.1630859375,371000
2015-03-05,279.76806640625,366100
2015-03-06,276.3876953125,538700
2015-03-09,275.7221374511719,519200
2015-03-10,269.36968994140625,531200
2015-03-11,271.0484313964844,464700
2015-03-12,278.83795166015625,474400
2015-03-13,278.1044006347656,521700
2015-03-16,282.89892578125,491800
2015-03-17,283.0351257324219,531500
2015-03-18,285.6820373535156,595700
2015-03-19,279.7756042480469,632600
2015-03-20,286.3475036621094,681600
2015-03-23,283.0880432128906,453000
2015-03-24,279.13287353515625,452800
2015-03-25,275.2154846191406,391300
2015-03-26,273.8769226074219,417600
2015-03-27,273.48358154296875,386900
2015-03-30,278.3766174316406,470900
2015-03-31,276.6674499511719,426400
2015-04-01,274.1945495605469,593800
2015-04-02,277.091064453125,351800
2015-04-06,277.52960205078125,345000
2015-04-07,278.76995849609375,448700
2015-04-08,279.5942687988281,569400
2015-04-09,280.97052001953125,392300
2015-04-10,279.39752197265625,348300
2015-04-13,279.5790710449219,421000
2015-04-14,282.58135986328125,581700
2015-04-15,284.85009765625,710800
2015-04-16,281.462158203125,901800
2015-04-17,276.3346862792969,798800
2015-04-20,279.5942687988281,416500
2015-04-21,277.9378967285156,448500
2015-04-22,279.4429016113281,451600
2015-04-23,281.2730712890625,432600
2015-04-24,282.067138671875,355700
2015-04-27,281.2427673339844,354400
2015-04-28,285.7499694824219,395400
2015-04-29,277.295166015625,981700
2015-04-30,275.2306823730469,673300
2015-05-01,278.78497314453125,412900
2015-05-04,280.0176086425781,375400
2015-05-05,276.8263244628906,380700
2015-05-06,274.82220458984375,427700
2015-05-07,276.5465087890625,431300
2015-05-08,279.8437805175781,445800
2015-05-11,278.1345520019531,431700
2015-05-12,276.1607360839844,452300
2015-05-13,276.13043212890625,435000
2015-05-14,280.9252014160156,419000
2015-05-15,280.4562683105469,415800
2015-05-18,280.35028076171875,391900
2015-05-19,280.63018798828125,406000
2015-05-20,280.00250244140625,447900
2015-05-21,278.4673156738281,390500
2015-05-22,278.361328125,303700
2015-05-26,276.05487060546875,695400
2015-05-27,278.81524658203125,352500
2015-05-28,279.4429016113281,358100
2015-05-29,276.6220703125,627000
2015-06-01,275.4800720214844,418400
2015-06-02,274.82220458984375,430800
2015-06-03,275.9942626953125,464400
2015-06-04,270.6098327636719,640000
2015-06-05,270.3587646484375,740500
2015-06-08,268.9358215332031,683000
2015-06-09,268.3880920410156,539000
2015-06-10,270.57940673828125,768500
2015-06-11,271.4924621582031,585800
2015-06-12,268.9206848144531,517200
2015-06-15,270.3283386230469,1096900
2015-06-16,271.85009765625,351900
2015-06-17,271.8653564453125,462700
2015-06-18,274.5893249511719,445300
2015-06-19,273.3034362792969,658900
2015-06-22,273.1284484863281,430600
2015-06-23,274.0339660644531,420700
2015-06-24,270.549072265625,558700
2015-06-25,267.1705322265625,482300
2015-06-26,269.71197509765625,642900
2015-06-29,262.1563720703125,558700
2015-06-30,263.2520751953125,776700
2015-07-01,264.3325500488281,495400
2015-07-02,262.81072998046875,433900
2015-07-06,260.840087890625,698100
2015-07-07,260.6878662109375,853300
2015-07-08,254.22799682617188,955600
2015-07-09,256.3355407714844,797300
2015-07-10,258.2911071777344,1156400
2015-07-13,261.9434509277344,800700
2015-07-14,260.77923583984375,1213800
2015-07-15,263.6401062011719,1106400
2015-07-16,269.56744384765625,805900
2015-07-17,269.7652587890625,729200
2015-07-20,268.66961669921875,441800
2015-07-21,267.6956787109375,481700
2015-07-22,266.3109436035156,719500
2015-07-23,263.6020812988281,526600
2015-07-24,259.7748107910156,630500
2015-07-27,255.84100341796875,882100
2015-07-28,256.29754638671875,713200
2015-07-29,258.5802001953125,663400
2015-07-30,257.7508850097656,622300
2015-07-31,255.9019012451172,507800
2015-08-03,254.66928100585938,528500
2015-08-04,252.94967651367188,676200
2015-08-05,254.66156005859375,662800
2015-08-06,253.42901611328125,583600
2015-08-07,252.50062561035156,368900
2015-08-10,255.3464813232422,513400
2015-08-11,251.09307861328125,695100
2015-08-12,248.9093475341797,786700
2015-08-13,247.98109436035156,474900
2015-08-14,249.67782592773438,450000
2015-08-17,250.5833282470703,387600
2015-08-18,250.11924743652344,442500
2015-08-19,245.9647216796875,720300
2015-08-20,241.24720764160156,744500
2015-08-21,233.79811096191406,1195700
2015-08-24,227.6348876953125,1578300
2015-08-25,224.20333862304688,1259700
2015-08-26,230.6175537109375,1351700
2015-08-27,239.27647399902344,945500
2015-08-28,236.8110809326172,782900
2015-08-31,231.76927185058594,786800
2015-09-01,225.50901794433594,1541500
2015-09-02,228.75022888183594,1341800
2015-09-03,230.07577514648438,1149300
2015-09-04,225.46295166015625,985500
2015-09-08,230.9723358154297,934600
2015-09-09,227.40162658691406,698200
2015-09-10,230.88037109375,952900
2015-09-11,232.4128875732422,804800
2015-09-14,230.68881225585938,567400
2015-09-15,235.9299774169922,950600
2015-09-16,240.22869873046875,959300
2015-09-17,238.78810119628906,964300
2015-09-18,236.6732635498047,1570800
2015-09-21,239.37051391601562,728200
2015-09-22,233.19451904296875,814600
2015-09-23,232.37457275390625,454800
2015-09-24,230.267333984375,726500
2015-09-25,232.16006469726562,645700
2015-09-28,225.32508850097656,732500
2015-09-29,224.9112548828125,794100
2015-09-30,227.93800354003906,756200
2015-10-01,226.7503662109375,814300
2015-10-02,232.45123291015625,854600
2015-10-05,240.30531311035156,936200
2015-10-06,239.63101196289062,725600
2015-10-07,245.69210815429688,1103200
2015-10-08,244.10598754882812,653500
2015-10-09,243.7534942626953,580800
2015-10-12,241.87615966796875,613200
2015-10-13,241.4623260498047,890000
2015-10-14,247.0942840576172,1124700
2015-10-15,249.51571655273438,736500
2015-10-16,253.50021362304688,741900
2015-10-19,251.2396697998047,584300
2015-10-20,250.6804656982422,443200
2015-10-21,246.71878051757812,625700
2015-10-22,256.96368408203125,722000
2015-10-23,261.13226318359375,959000
2015-10-26,258.2433166503906,600100
2015-10-27,257.1322937011719,388400
2015-10-28,265.3694763183594,950900
2015-10-29,268.0820007324219,929500
2015-10-30,269.6988525390625,1601900
2015-11-02,271.691162109375,812200
2015-11-03,274.6795654296875,850900
2015-11-04,273.1623840332031,749300
2015-11-05,273.7831115722656,510700
2015-11-06,273.3233337402344,560900
2015-11-09,267.85986328125,1278900
2015-11-10,268.3962707519531,713300
2015-11-11,268.5724182128906,454500
2015-11-12,264.9250793457031,637000
2015-11-13,263.0171813964844,590600
2015-11-16,269.9747619628906,672700
2015-11-17,270.8099670410156,578100
2015-11-18,276.334716796875,535900
2015-11-19,275.1545715332031,489500
2015-11-20,277.7368469238281,530100
2015-11-23,278.34222412109375,423900
2015-11-24,273.4075622558594,807800
2015-11-25,276.3270263671875,415300
2015-11-27,274.6183166503906,263500
2015-11-30,278.702392578125,870200
2015-12-01,278.84881591796875,739000
2015-12-02,276.6827087402344,1080100
2015-12-03,271.3482666015625,890900
2015-12-04,278.10101318359375,684100
2015-12-07,274.02313232421875,583000
2015-12-08,268.9892578125,758300
2015-12-09,265.6206359863281,663500
2015-12-10,266.144775390625,659400
2015-12-11,248.82327270507812,1636100
2015-12-14,246.3717803955078,1267900
2015-12-15,254.03439331054688,1032500
2015-12-16,255.15980529785156,1142500
2015-12-17,254.55087280273438,1127000
2015-12-18,247.8134307861328,1025200
2015-12-21,250.95855712890625,534100
2015-12-22,254.78219604492188,711700
2015-12-23,261.82012939453125,678400
2015-12-24,260.0934143066406,240300
2015-12-28,263.9864196777344,865800
2015-12-29,264.87286376953125,480200
2015-12-30,263.6780700683594,356900
2015-12-31,262.49859619140625,500000
2016-01-04,256.7786865234375,958900
2016-01-05,257.4416809082031,803200
2016-01-06,254.51226806640625,1138500
2016-01-07,243.3885955810547,1285300
2016-01-08,237.2601318359375,1500200
2016-01-11,237.67633056640625,1258400
2016-01-12,241.7388916015625,1096800
2016-01-13,234.81642150878906,1200000
2016-01-14,238.97142028808594,1373700
2016-01-15,228.6262969970703,1972600
2016-01-19,226.63742065429688,1070400
2016-01-20,225.09576416015625,1685900
2016-01-21,223.4768524169922,1100300
2016-01-22,231.69439697265625,780600
2016-01-25,223.33807373046875,1010500
2016-01-26,230.69229125976562,1066100
2016-01-27,232.89700317382812,1147300
2016-01-28,230.6228790283203,1023800
2016-01-29,242.25527954101562,986500
2016-02-01,240.70591735839844,754900
2016-02-02,232.1953887939453,1061300
2016-02-03,234.3924102783203,1372000
2016-02-04,241.82379150390625,1037600
2016-02-05,237.23704528808594,1057600
2016-02-08,226.22117614746094,1162100
2016-02-09,227.04591369628906,878800
2016-02-10,230.15269470214844,711700
2016-02-11,226.7993621826172,1266300
2016-02-12,236.504638671875,941700
2016-02-16,242.4173126220703,764600
2016-02-17,246.5877227783203,888100
2016-02-18,243.57362365722656,660800
2016-02-19,242.27842712402344,835300
2016-02-22,243.9436492919922,817400
2016-02-23,238.86354064941406,758700
2016-02-24,237.41427612304688,845000
2016-02-25,241.76202392578125,608600
2016-02-26,241.9933319091797,678200
2016-02-29,240.4823455810547,870100
2016-03-01,248.66134643554688,832300
2016-03-02,251.86822509765625,1051400
2016-03-03,250.85899353027344,837700
2016-03-04,251.34030151367188,671700
2016-03-07,253.64601135253906,682400
2016-03-08,248.7318572998047,674500
2016-03-09,254.87271118164062,1179000
2016-03-10,252.295166015625,688300
2016-03-11,263.67596435546875,905900
2016-03-14,262.2552795410156,631300
2016-03-15,259.3907775878906,627100
2016-03-16,259.3441467285156,674500
2016-03-17,265.45379638671875,864400
2016-03-18,265.93505859375,763600
2016-03-21,265.4848327636719,684600
2016-03-22,264.1184997558594,490100
2016-03-23,263.35003662109375,466500
2016-03-24,259.5071105957031,662300
2016-03-28,261.548828125,444600
2016-03-29,263.8778076171875,635000
2016-03-30,265.0111999511719,463100
2016-03-31,264.39013671875,511500
2016-04-01,265.9117736816406,717200
2016-04-04,262.7987976074219,553100
2016-04-05,259.910888671875,523900
2016-04-06,261.7740173339844,463500
2016-04-07,254.91920471191406,529800
2016-04-08,257.4266052246094,360500
2016-04-11,258.482421875,434400
2016-04-12,263.41204833984375,559600
2016-04-13,270.38336181640625,959400
2016-04-14,275.52252197265625,833300
2016-04-15,277.7195129394531,1108100
2016-04-18,277.92138671875,842000
2016-04-19,283.0916442871094,834200
2016-04-20,284.84619140625,610100
2016-04-21,282.64923095703125,607900
2016-04-22,283.720458984375,512100
2016-04-25,282.3153381347656,482700
2016-04-26,284.1008605957031,413400
2016-04-27,285.27313232421875,451200
2016-04-28,278.5657958984375,509400
2016-04-29,276.6249694824219,586700
2016-05-02,280.6385192871094,739000
2016-05-03,276.12811279296875,485300
2016-05-04,273.3955383300781,599400
2016-05-05,273.3254699707031,521600
2016-05-06,276.3764953613281,509500
2016-05-09,275.6002502441406,410700
2016-05-10,279.61370849609375,456600
2016-05-11,274.6764221191406,482900
2016-05-12,276.0582580566406,393800
2016-05-13,269.6071472167969,559100
2016-05-16,273.1316223144531,489000
2016-05-17,270.79473876953125,647200
2016-05-18,274.420166015625,625500
2016-05-19,272.1533203125,554900
2016-05-20,274.8238525390625,516000
2016-05-23,274.738525390625,341100
2016-05-24,280.3901062011719,611400
2016-05-25,282.64923095703125,485700
2016-05-26,281.880615234375,342700
2016-05-27,283.4255676269531,314400
2016-05-31,282.4627990722656,625700
2016-06-01,283.03741455078125,447500
2016-06-02,282.10760498046875,518900
2016-06-03,280.74835205078125,473900
2016-06-06,282.84979248046875,435600
2016-06-07,280.5061340332031,484500
2016-06-08,281.513916015625,335700
2016-06-09,279.6468505859375,331400
2016-06-10,271.06109619140625,768400
2016-06-13,269.20184326171875,532800
2016-06-14,265.4519958496094,748600
2016-06-15,265.26446533203125,747400
2016-06-16,265.19415283203125,660600
2016-06-17,267.0847473144531,596900
2016-06-20,272.2016906738281,677600
2016-06-21,271.8658752441406,343200
2016-06-22,271.6080322265625,442300
2016-06-23,278.7796936035156,421200
2016-06-24,259.7646484375,1480700
2016-06-27,249.63221740722656,1230200
2016-06-28,253.08518981933594,648600
2016-06-29,263.0692138671875,852800
2016-06-30,267.5925598144531,753600
2016-07-01,266.615966796875,475700
2016-07-05,262.5537109375,513800
2016-07-06,262.5771484375,708100
2016-07-07,261.7958679199219,776600
2016-07-08,269.6784362792969,533900
2016-07-11,271.47515869140625,403800
2016-07-12,279.18585205078125,874800
2016-07-13,279.28741455078125,569300
2016-07-14,277.48284912109375,799400
2016-07-15,278.7796936035156,654400
2016-07-18,279.5061950683594,448400
2016-07-19,278.56866455078125,353200
2016-07-20,281.068603515625,433400
2016-07-21,280.849853515625,589400
2016-07-22,283.62322998046875,503900
2016-07-25,282.3498840332031,419400
2016-07-26,282.74822998046875,358300
2016-07-27,283.82635498046875,458400
2016-07-28,283.8732604980469,407300
2016-07-29,286.12322998046875,648500
2016-08-01,287.7403259277344,806300
2016-08-02,286.7715148925781,745200
2016-08-03,287.6152648925781,821800
2016-08-04,286.12322998046875,452400
2016-08-05,292.7636413574219,675500
2016-08-08,290.3730163574219,550600
2016-08-09,287.998046875,534600
2016-08-10,286.2716369628906,489000
2016-08-11,287.0138854980469,495600
2016-08-12,286.3966064453125,360400
2016-08-15,289.63092041015625,369000
2016-08-16,286.7638244628906,312300
2016-08-17,289.130859375,338300
2016-08-18,289.6699523925781,291200
2016-08-19,290.6541748046875,378900
2016-08-22,290.2635498046875,390600
2016-08-23,290.8340148925781,284000
2016-08-24,288.36517333984375,401400
2016-08-25,287.88092041015625,485300
2016-08-26,289.90423583984375,362000
2016-08-29,292.0214538574219,362900
2016-08-30,293.74017333984375,631400
2016-08-31,293.0326843261719,618100
2016-09-01,292.52960205078125,457500
2016-09-02,293.85009765625,293500
2016-09-06,292.07373046875,532200
2016-09-07,293.6064758300781,378500
2016-09-08,292.6947326660156,380100
2016-09-09,284.6773986816406,648200
2016-09-12,289.33056640625,868700
2016-09-13,283.6790466308594,689200
2016-09-14,283.5140686035156,394500
2016-09-15,287.28692626953125,588900
2016-09-16,287.6563415527344,1122300
2016-09-19,289.22052001953125,547500
2016-09-20,287.451904296875,461800
2016-09-21,291.11474609375,488100
2016-09-22,293.8658752441406,556900
2016-09-23,287.4047546386719,549700
2016-09-26,283.5140686035156,487000
2016-09-27,284.37078857421875,496200
2016-09-28,284.2843322753906,503400
2016-09-29,280.7867126464844,665600
2016-09-30,284.8974914550781,580400
2016-10-03,283.01885986328125,623200
2016-10-04,279.84344482421875,711500
2016-10-05,281.58050537109375,705800
2016-10-06,280.4486083984375,707800
2016-10-07,280.7708435058594,789300
2016-10-10,282.0206604003906,461400
2016-10-11,276.5736389160156,557300
2016-10-12,275.96832275390625,500400
2016-10-13,274.5849914550781,576400
2016-10-14,278.96307373046875,790300
2016-10-17,278.7194519042969,624200
2016-10-18,280.2835693359375,704700
2016-10-19,277.24163818359375,813700
2016-10-20,274.4514465332031,1139100
2016-10-21,271.60601806640625,906900
2016-10-24,269.7117004394531,987200
2016-10-25,268.4541320800781,790300
2016-10-26,267.361572265625,1149800
2016-10-27,267.4637451171875,703500
2016-10-28,266.9999694824219,614000
2016-10-31,268.21832275390625,809100
2016-11-01,267.9981994628906,796000
2016-11-02,266.1510925292969,668000
2016-11-03,268.13970947265625,714000
2016-11-04,271.8024597167969,1034800
2016-11-07,281.1089782714844,1080300
2016-11-08,277.84686279296875,776600
2016-11-09,286.4380187988281,1107400
2016-11-10,294.7619323730469,1442300
2016-11-11,291.7593078613281,660000
2016-11-14,293.8186950683594,772900
2016-11-15,292.5138854980469,1096500
2016-11-16,288.8196716308594,659000
2016-11-17,291.9008483886719,569100
2016-11-18,293.0091552734375,468900
2016-11-21,294.416015625,375600
2016-11-22,293.2291564941406,529100
2016-11-23,293.1741027832031,517800
2016-11-25,293.7087707519531,227100
2016-11-28,289.76287841796875,501800
2016-11-29,289.6842346191406,694500
2016-11-30,291.4449157714844,621900
2016-12-01,296.4833068847656,930200
2016-12-02,291.8929138183594,569000
2016-12-05,294.24310302734375,589200
2016-12-06,293.9444580078125,644200
2016-12-07,298.5346984863281,503800
2016-12-08,308.66461181640625,1115200
2016-12-09,307.2491760253906,934600
2016-12-12,308.6251525878906,1460900
2016-12-13,310.4913330078125,907000
2016-12-14,308.4036865234375,942700
2016-12-15,311.36907958984375,630200
2016-12-16,310.4754943847656,1023400
2016-12-19,308.2218017578125,812200
2016-12-20,315.0856628417969,716400
2016-12-21,311.19512939453125,671700
2016-12-22,306.1261291503906,862400
2016-12-23,305.034912109375,579600
2016-12-27,306.4187927246094,285500
2016-12-28,301.3103332519531,506100
2016-12-29,299.7050476074219,485300
2016-12-30,300.9230041503906,515600
2017-01-03,305.5805969238281,743900
2017-01-04,305.762451171875,680800
2017-01-05,302.5044860839844,468400
2017-01-06,303.896240234375,453400
2017-01-09,300.8280029296875,505300
2017-01-10,300.7409362792969,452800
2017-01-11,301.2471008300781,948800
2017-01-12,299.14373779296875,777400
2017-01-13,299.9819030761719,620400
2017-01-17,296.3837890625,647300
2017-01-18,298.914306640625,508500
2017-01-19,298.4002685546875,456100
2017-01-20,301.60296630859375,660900
2017-01-23,298.9618225097656,502800
2017-01-24,301.58709716796875,615100
2017-01-25,307.0829772949219,597000
2017-01-26,300.0372314453125,836500
2017-01-27,296.5894775390625,686900
2017-01-30,296.6842346191406,591800
2017-01-31,295.73541259765625,714600
2017-02-01,294.9604797363281,618900
2017-02-02,293.8849792480469,832400
2017-02-03,298.914306640625,953400
2017-02-06,298.4556579589844,546500
2017-02-07,298.0364990234375,546900
2017-02-08,296.1939697265625,433800
2017-02-09,299.364990234375,493000
2017-02-10,302.7812805175781,578300
2017-02-13,305.10614013671875,453300
2017-02-14,304.4339599609375,772300
2017-02-15,310.8076477050781,640000
2017-02-16,309.96148681640625,503700
2017-02-17,307.4231262207031,607400
2017-02-21,308.4827575683594,434300
2017-02-22,308.9651184082031,421900
2017-02-23,308.88604736328125,387300
2017-02-24,307.7393798828125,483500
2017-02-27,309.1943664550781,368600
2017-02-28,306.39495849609375,781800
2017-03-01,314.5795593261719,791500
2017-03-02,311.6671142578125,475100
2017-03-03,310.4893798828125,340900
2017-03-06,308.4919738769531,366100
2017-03-07,306.65374755859375,360700
2017-03-08,306.0170593261719,416200
2017-03-09,305.79425048828125,393700
2017-03-10,306.0408935546875,483400
2017-03-13,306.2876281738281,404300
2017-03-14,305.0142822265625,353400
2017-03-15,308.9375915527344,433500
2017-03-16,310.35406494140625,535600
2017-03-17,304.6642761230469,672200
2017-03-20,302.75433349609375,436100
2017-03-21,298.5446472167969,610500
2017-03-22,298.7914733886719,343800
2017-03-23,298.7356872558594,418100
2017-03-24,297.9478454589844,318400
2017-03-27,298.4173583984375,614100
2017-03-28,302.8975524902344,593800
2017-03-29,301.92681884765625,461600
2017-03-30,304.81549072265625,483800
2017-03-31,305.1894226074219,434600
2017-04-03,304.0594177246094,502200
2017-04-04,303.0328369140625,407500
2017-04-05,303.1203308105469,467000
2017-04-06,305.6589660644531,330700
2017-04-07,307.1869201660156,550100
2017-04-10,307.0833740234375,390300
2017-04-11,305.6190490722656,442000
2017-04-12,303.542236328125,377900
2017-04-13,301.6004638671875,366700
2017-04-17,305.4201354980469,426700
2017-04-18,305.26904296875,498500
2017-04-19,300.0885314941406,687200
2017-04-20,303.6614990234375,725800
2017-04-21,300.8525390625,493800
2017-04-24,307.688232421875,595800
2017-04-25,308.91363525390625,545100
2017-04-26,309.454833984375,465300
2017-04-27,310.9190368652344,371400
2017-04-28,306.0328674316406,580500
2017-05-01,304.7835998535156,585700
2017-05-02,305.9772644042969,379800
2017-05-03,305.8101501464844,375400
2017-05-04,305.0303039550781,460200
2017-05-05,305.3883972167969,536300
2017-05-08,304.2901916503906,336900
2017-05-09,302.7940368652344,472700
2017-05-10,304.20263671875,404900
2017-05-11,304.6800537109375,454300
2017-05-12,306.4705505371094,458100
2017-05-15,309.8447265625,556000
2017-05-16,311.3885803222656,594000
2017-05-17,305.3167419433594,859400
2017-05-18,309.1444396972656,1011300
2017-05-19,312.99609375,681900
2017-05-22,315.3515319824219,663900
2017-05-23,315.1047668457031,726200
2017-05-24,315.37542724609375,493000
2017-05-25,323.373046875,969600
2017-05-26,323.8982238769531,737300
2017-05-30,323.7390441894531,746500
2017-05-31,325.6649169921875,917200
2017-06-01,330.9814147949219,1324100
2017-06-02,332.046142578125,878700
2017-06-05,331.65386962890625,424700
2017-06-06,331.341552734375,667200
2017-06-07,331.317626953125,584300
2017-06-08,332.462646484375,683300
2017-06-09,335.0806884765625,679200
2017-06-12,334.92864990234375,783700
2017-06-13,335.7293701171875,373800
2017-06-14,337.47479248046875,519300
2017-06-15,338.1793212890625,475400
2017-06-16,336.6901550292969,1182100
2017-06-19,342.9913024902344,573000
2017-06-20,340.03692626953125,487500
2017-06-21,336.8741455078125,580500
2017-06-22,338.81982421875,359800
2017-06-23,337.5788879394531,811800
2017-06-26,340.03692626953125,389600
2017-06-27,337.9872131347656,416700
2017-06-28,341.76629638671875,391400
2017-06-29,338.8758850097656,748900
2017-06-30,338.2113342285156,502000
2017-07-03,343.3435363769531,379900
2017-07-05,343.3035888671875,446700
2017-07-06,340.4372863769531,335400
2017-07-07,346.19403076171875,390000
2017-07-10,349.2845764160156,517000
2017-07-11,345.81768798828125,507200
2017-07-12,348.5240478515625,468600
2017-07-13,350.59783935546875,477600
2017-07-14,350.9659423828125,766200
2017-07-17,339.98876953125,1247300
2017-07-18,341.7903747558594,848100
2017-07-19,341.4541015625,517200
2017-07-20,342.1106872558594,396600
2017-07-21,343.2076110839844,440700
2017-07-24,342.9433898925781,372400
2017-07-25,345.3693542480469,531000
2017-07-26,346.4582824707031,739200
2017-07-27,340.6934509277344,538300
2017-07-28,339.4844055175781,444400
2017-07-31,341.51007080078125,578000
2017-08-01,344.27239990234375,440900
2017-08-02,340.7253723144531,394800
2017-08-03,341.0937805175781,442000
2017-08-04,341.494140625,412600
2017-08-07,342.5829772949219,279500
2017-08-08,343.3435363769531,397800
2017-08-09,345.361328125,350600
2017-08-10,338.435546875,488200
2017-08-11,339.6125793457031,807100
2017-08-14,342.735107421875,453300
2017-08-15,342.88720703125,372800
2017-08-16,341.9425048828125,326100
2017-08-17,336.233642578125,443900
2017-08-18,333.5194091796875,1015000
2017-08-21,332.57464599609375,526100
2017-08-22,337.3786926269531,355900
2017-08-23,334.73638916015625,387400
2017-08-24,333.031005859375,308500
2017-08-25,333.3752746582031,466700
2017-08-28,331.74993896484375,499400
2017-08-29,331.58184814453125,505500
2017-08-30,333.2392272949219,404800
2017-08-31,337.5164489746094,501600
2017-09-01,339.7477111816406,441900
2017-09-05,333.19891357421875,615500
2017-09-06,332.0229797363281,430000
2017-09-07,333.68218994140625,483300
2017-09-08,335.0516052246094,316400
2017-09-11,341.56817626953125,443200
2017-09-12,345.21710205078125,333900
2017-09-13,342.7602844238281,401000
2017-09-14,342.8972473144531,468300
2017-09-15,345.33795166015625,850200
2017-09-18,345.91790771484375,455400
2017-09-19,348.2941589355469,361900
2017-09-20,349.64739990234375,398900
2017-09-21,349.29296875,293300
2017-09-22,350.7911682128906,285800
2017-09-25,352.5150146484375,288600
2017-09-26,349.9132385253906,308400
2017-09-27,353.1352233886719,410200
2017-09-28,359.34576416015625,473500
2017-09-29,360.1351623535156,457700
2017-10-02,362.43890380859375,416300
2017-10-03,363.1155700683594,540500
2017-10-04,368.85076904296875,839700
2017-10-05,374.1026611328125,642200
2017-10-06,373.1280822753906,458400
2017-10-09,372.5078430175781,339300
2017-10-10,374.95648193359375,687300
2017-10-11,381.75494384765625,1031800
2017-10-12,387.1196594238281,1241700
2017-10-13,383.0115661621094,639700
2017-10-16,385.0011901855469,425400
2017-10-17,383.05987548828125,431700
2017-10-18,384.6306457519531,414800
2017-10-19,384.0587463378906,464100
2017-10-20,383.9218444824219,531300
2017-10-23,382.1255187988281,436600
2017-10-24,381.58575439453125,510400
2017-10-25,377.90472412109375,644000
2017-10-26,381.392578125,495200
2017-10-27,382.7215270996094,432600
2017-10-30,380.4339599609375,320900
2017-10-31,379.2579040527344,413100
2017-11-01,378.0174560546875,449300
2017-11-02,382.552490234375,528800
2017-11-03,385.927490234375,435600
2017-11-06,383.1082763671875,241600
2017-11-07,381.30389404296875,240400
2017-11-08,380.3614807128906,362200
2017-11-09,375.85064697265625,454700
2017-11-10,375.2303161621094,304000
2017-11-13,374.650390625,499100
2017-11-14,378.95184326171875,366000
2017-11-15,378.9920959472656,470400
2017-11-16,381.8274230957031,247000
2017-11-17,381.80328369140625,505600
2017-11-20,382.431640625,392100
2017-11-21,387.739990234375,440900
2017-11-22,385.7906799316406,265400
2017-11-24,386.43499755859375,134400
2017-11-27,388.2232971191406,339000
2017-11-28,397.16436767578125,447600
2017-11-29,403.4151916503906,684200
2017-11-30,403.71319580078125,1071200
2017-12-01,406.45758056640625,574700
2017-12-04,415.7025146484375,716900
2017-12-05,414.5854797363281,501400
2017-12-06,414.34259033203125,386900
2017-12-07,414.8202209472656,416700
2017-12-08,417.31353759765625,471700
2017-12-11,414.5935363769531,398100
2017-12-12,419.126953125,430200
2017-12-13,414.9335021972656,482100
2017-12-14,410.23809814453125,336300
2017-12-15,414.38299560546875,896400
2017-12-18,420.041748046875,433300
2017-12-19,417.58074951171875,424500
2017-12-20,416.5525817871094,294700
2017-12-21,415.7755126953125,374900
2017-12-22,414.5854797363281,258200
2017-12-26,415.880615234375,176600
2017-12-27,416.3664245605469,216000
2017-12-28,419.3293151855469,222400
2017-12-29,415.87255859375,306700
2018-01-02,412.03533935546875,526400
2018-01-03,416.3825988769531,448700
2018-01-04,421.87939453125,389800
2018-01-05,425.4737854003906,483000
2018-01-08,428.6472473144531,561500
2018-01-09,432.2497253417969,547700
2018-01-10,430.3310546875,483800
2018-01-11,435.47174072265625,765200
2018-01-12,449.7278747558594,941800
2018-01-16,455.77508544921875,1370600
2018-01-17,466.71221923828125,983900
2018-01-18,468.9061279296875,819600
2018-01-19,477.8434143066406,591300
2018-01-22,480.2722473144531,843600
2018-01-23,477.3739013671875,643400
2018-01-24,475.7467346191406,642200
2018-01-25,465.8943786621094,892500
2018-01-26,475.0423278808594,516600
2018-01-29,465.02032470703125,611000
2018-01-30,455.2004089355469,851100
2018-01-31,454.80377197265625,665800
2018-02-01,457.5481262207031,659600
2018-02-02,443.8909912109375,808200
2018-02-05,424.98809814453125,1129400
2018-02-06,433.285888671875,1076700
2018-02-07,430.8898620605469,672400
2018-02-08,412.3673095703125,1038700
2018-02-09,422.1871337890625,938600
2018-02-12,425.3199768066406,614700
2018-02-13,421.99285888671875,517500
2018-02-14,437.1070556640625,656700
2018-02-15,437.68182373046875,648000
2018-02-16,438.04620361328125,534400
2018-02-20,439.2604064941406,532100
2018-02-21,440.0375671386719,486300
2018-02-22,436.7751159667969,626100
2018-02-23,445.0486755371094,366700
2018-02-26,456.5603942871094,639600
2018-02-27,447.4935607910156,616400
2018-02-28,444.78961181640625,721100
2018-03-01,433.5773620605469,779700
2018-03-02,435.1965637207031,636500
2018-03-05,441.4138488769531,384600
2018-03-06,446.52471923828125,387400
2018-03-07,445.5235900878906,465500
2018-03-08,450.37420654296875,595200
2018-03-09,469.7357177734375,814700
2018-03-12,465.348876953125,410700
2018-03-13,459.0578918457031,477500
2018-03-14,454.90740966796875,341400
2018-03-15,454.0691833496094,313200
2018-03-16,458.7322998046875,616900
2018-03-19,450.7322998046875,554600
2018-03-20,453.7354736328125,381200
2018-03-21,459.13934326171875,480100
2018-03-22,439.0048522949219,699200
2018-03-23,424.1194763183594,655400
2018-03-26,440.06280517578125,672000
2018-03-27,433.0556335449219,511300
2018-03-28,429.7351379394531,496800
2018-03-29,440.8766784667969,488100
2018-04-02,422.3860778808594,746200
2018-04-03,430.3047180175781,566000
2018-04-04,436.4736633300781,471200
2018-04-05,438.1746520996094,397400
2018-04-06,423.1347351074219,518500
2018-04-09,424.1277160644531,559600
2018-04-10,434.5612487792969,612800
2018-04-11,427.5215148925781,549400
2018-04-12,433.7879943847656,668600
2018-04-13,427.0820007324219,489200
2018-04-16,427.14703369140625,789500
2018-04-17,428.76666259765625,1367900
2018-04-18,425.8204650878906,671800
2018-04-19,427.3179931640625,525400
2018-04-20,426.797119140625,639400
2018-04-23,423.07781982421875,489300
2018-04-24,418.07275390625,1028800
2018-04-25,416.86822509765625,715800
2018-04-26,425.4134826660156,712900
2018-04-27,426.98443603515625,370900
2018-04-30,424.4207458496094,480900
2018-05-01,421.5477600097656,417100
2018-05-02,418.9598083496094,438700
2018-05-03,416.4206848144531,682500
2018-05-04,423.52545166015625,601900
2018-05-07,426.12982177734375,366600
2018-05-08,423.14288330078125,634100
2018-05-09,432.4370422363281,475200
2018-05-10,436.4330139160156,527500
2018-05-11,439.82684326171875,395700
2018-05-14,439.28155517578125,415500
2018-05-15,433.9507141113281,461200
2018-05-16,434.512451171875,474900
2018-05-17,435.8796691894531,365700
2018-05-18,438.24786376953125,518700
2018-05-21,442.30889892578125,359100
2018-05-22,445.0761413574219,406200
2018-05-23,441.64166259765625,377700
2018-05-24,440.1523132324219,413100
2018-05-25,439.1594543457031,290000
2018-05-29,426.6668701171875,714200
2018-05-30,434.82977294921875,404100
2018-05-31,434.7809143066406,543000
2018-06-01,438.7118835449219,446500
2018-06-04,440.02203369140625,417100
2018-06-05,434.903076171875,495000
2018-06-06,451.5627746582031,682100
2018-06-07,449.3371276855469,428400
2018-06-08,449.5579833984375,370500
2018-06-11,449.2715759277344,391800
2018-06-12,447.676025390625,425200
2018-06-13,435.4513244628906,839600
2018-06-14,428.242431640625,989500
2018-06-15,429.1917419433594,753100
2018-06-18,431.6626892089844,483500
2018-06-19,430.9017028808594,448500
2018-06-20,430.8773193359375,346100
2018-06-21,429.5680236816406,571000
2018-06-22,427.7351989746094,514300
2018-06-25,421.51641845703125,666000
2018-06-26,418.0060729980469,740200
2018-06-27,412.0164794921875,558200
2018-06-28,410.5762939453125,636700
2018-06-29,408.3424987792969,701800
2018-07-02,408.7351989746094,564000
2018-07-03,402.0009460449219,307500
2018-07-05,402.56561279296875,513900
2018-07-06,402.32830810546875,556300
2018-07-09,412.48284912109375,748400
2018-07-10,413.1619567871094,484800
2018-07-11,411.5009460449219,468600
2018-07-12,414.5858154296875,574500
2018-07-13,414.929443359375,786500
2018-07-16,412.3682556152344,1212800
2018-07-17,413.1211242675781,758800
2018-07-18,418.0060729980469,487600
2018-07-19,413.1293029785156,684100
2018-07-20,411.4027099609375,812400
2018-07-23,416.0914611816406,646700
2018-07-24,416.4022521972656,688300
2018-07-25,419.3480224609375,492800
2018-07-26,413.30926513671875,407600
2018-07-27,411.5173034667969,571600
2018-07-30,409.27520751953125,492100
2018-07-31,411.38641357421875,512900
2018-08-01,392.31292724609375,1716500
2018-08-02,388.92523193359375,1637700
2018-08-03,394.7266540527344,824100
2018-08-06,395.5939636230469,639300
2018-08-07,398.8670654296875,1000900
2018-08-08,398.53155517578125,535200
2018-08-09,396.1176452636719,634600
2018-08-10,391.90374755859375,646600
2018-08-13,388.9908142089844,382700
2018-08-14,390.47998046875,408600
2018-08-15,385.251220703125,721000
2018-08-16,388.3524475097656,681600
2018-08-17,387.9761047363281,472800
2018-08-20,389.1297302246094,465500
2018-08-21,388.6143493652344,640100
2018-08-22,391.14276123046875,603500
2018-08-23,384.9566955566406,579200
2018-08-24,390.725341796875,580800
2018-08-27,395.7167663574219,607000
2018-08-28,395.5040588378906,517400
2018-08-29,397.0342102050781,634600
2018-08-30,388.89251708984375,559800
2018-08-31,391.99371337890625,506700
2018-09-04,389.309814453125,499400
2018-09-05,391.3226623535156,544700
2018-09-06,388.728271484375,670900
2018-09-07,388.3000183105469,666400
2018-09-10,390.20257568359375,453000
2018-09-11,388.044677734375,495400
2018-09-12,387.1220703125,579700
2018-09-13,386.2738952636719,528600
2018-09-14,392.10516357421875,416700
2018-09-17,387.85516357421875,443300
2018-09-18,388.92596435546875,557500
2018-09-19,398.26605224609375,418700
2018-09-20,401.2312927246094,480400
2018-09-21,401.618408203125,700100
2018-09-24,397.05523681640625,433600
2018-09-25,394.6008605957031,382800
2018-09-26,391.09210205078125,416700
2018-09-27,393.6125183105469,344400
2018-09-28,388.2093811035156,532200
2018-10-01,389.97198486328125,395500
2018-10-02,393.05242919921875,363700
2018-10-03,390.7132263183594,645800
2018-10-04,390.5319519042969,917200
2018-10-05,387.8222961425781,712000
2018-10-08,388.3163757324219,560400
2018-10-09,378.6385192871094,875400
2018-10-10,351.4994201660156,2075300
2018-10-11,344.0206604003906,1737100
2018-10-12,352.27374267578125,1593400
2018-10-15,351.6476745605469,992900
2018-10-16,336.0478515625,2053500
2018-10-17,339.21881103515625,1821100
2018-10-18,329.3515625,1735800
2018-10-19,330.817626953125,1029100
2018-10-22,323.16595458984375,1036000
2018-10-23,319.15478515625,1300500
2018-10-24,311.8820495605469,1229800
2018-10-25,322.83660888671875,1393000
2018-10-26,318.693603515625,1006300
2018-10-29,321.7574768066406,952600
2018-10-30,332.6132507324219,1489700
2018-10-31,338.86468505859375,1415200
2018-11-01,340.1578063964844,1021600
2018-11-02,337.4974670410156,869900
2018-11-05,338.5187072753906,761400
2018-11-06,340.520263671875,882100
2018-11-07,349.8274841308594,1078300
2018-11-08,347.07647705078125,698800
2018-11-09,340.948486328125,617100
2018-11-12,333.9228515625,577400
2018-11-13,335.47943115234375,582900
2018-11-14,331.0894470214844,746900
2018-11-15,335.1252746582031,685200
2018-11-16,338.5187072753906,738100
2018-11-19,335.86669921875,725500
2018-11-20,331.8637390136719,632300
2018-11-21,335.7348327636719,673700
2018-11-23,334.9029235839844,299400
2018-11-26,344.6878356933594,815000
2018-11-27,343.5924072265625,626000
2018-11-28,351.9195251464844,701500
2018-11-29,348.35308837890625,616000
2018-11-30,352.5290222167969,1066400
2018-12-03,358.17913818359375,998600
2018-12-04,336.6655578613281,859700
2018-12-06,332.1918640136719,1383100
2018-12-07,326.27398681640625,969500
2018-12-10,326.40667724609375,876100
2018-12-11,320.09869384765625,793700
2018-12-12,323.7590637207031,736800
2018-12-13,321.43499755859375,595200
2018-12-14,317.3099670410156,678700
2018-12-17,313.9483642578125,900200
2018-12-18,318.18133544921875,997100
2018-12-19,308.9186096191406,997400
2018-12-20,308.4870300292969,1107200
2018-12-21,306.4035949707031,1722800
2018-12-24,300.26995849609375,499000
2018-12-26,316.4217529296875,873400
2018-12-27,321.8749084472656,784000
2018-12-28,322.2318115234375,619100
2018-12-31,326.0415344238281,612300
2019-01-02,323.219482421875,926800
2019-01-03,313.7242736816406,781000
2019-01-04,325.2115478515625,647800
2019-01-07,326.1161193847656,714500
2019-01-08,330.2662658691406,642900
2019-01-09,332.1586608886719,640500
2019-01-10,331.5859680175781,487100
2019-01-11,330.2662658691406,706500
2019-01-14,329.0295104980469,919700
2019-01-15,332.5902404785156,846600
2019-01-16,342.8241271972656,1331500
2019-01-17,342.392578125,917200
2019-01-18,348.1445007324219,1031800
2019-01-22,343.2889709472656,905600
2019-01-23,339.03936767578125,660100
2019-01-24,337.44573974609375,838400
2019-01-25,340.2594909667969,573000
2019-01-28,336.44970703125,640400
2019-01-29,338.3255920410156,602800
2019-01-30,338.914794921875,869900
2019-01-31,344.5174560546875,750100
2019-02-01,345.95318603515625,585900
2019-02-04,346.9242858886719,534800
2019-02-05,346.57574462890625,523400
2019-02-06,345.6046447753906,424600
2019-02-07,344.45928955078125,469400
2019-02-08,341.7618103027344,567000
2019-02-11,342.5419006347656,595600
2019-02-12,353.1743469238281,617300
2019-02-13,354.7844543457031,803500
2019-02-14,351.4064636230469,542500
2019-02-15,358.51947021484375,600300
2019-02-19,357.7890930175781,438000
2019-02-20,362.89361572265625,563300
2019-02-21,361.06756591796875,451800
2019-02-22,362.4786071777344,400300
2019-02-25,364.3128662109375,516300
2019-02-26,365.6408996582031,472000
2019-02-27,366.8693542480469,461100
2019-02-28,367.87359619140625,512100
2019-03-01,368.3301696777344,657200
2019-03-04,362.9848937988281,686100
2019-03-05,361.7220458984375,433500
2019-03-06,359.4974670410156,272700
2019-03-07,353.9192199707031,467400
2019-03-08,352.34698486328125,587100
2019-03-11,358.0254821777344,593100
2019-03-12,357.8081359863281,504700
2019-03-13,361.1533508300781,606700
2019-03-14,362.65032958984375,501700
2019-03-15,362.5834045410156,1756900
2019-03-18,368.379150390625,550700
2019-03-19,363.43646240234375,948500
2019-03-20,359.5476379394531,881600
2019-03-21,359.9156188964844,472400
2019-03-22,349.0435485839844,585300
2019-03-25,347.4127502441406,411000
2019-03-26,353.4843444824219,494900
2019-03-27,350.9504089355469,425000
2019-03-28,355.407958984375,342700
2019-03-29,357.41497802734375,455900
2019-04-01,366.6312561035156,498900
2019-04-02,365.0086975097656,423100
2019-04-03,367.199951171875,337800
2019-04-04,369.5164489746094,375200
2019-04-05,372.24285888671875,458400
2019-04-08,373.1126403808594,398400
2019-04-09,367.8187561035156,460900
2019-04-10,370.285888671875,402900
2019-04-11,373.0875549316406,412700
2019-04-12,379.9787902832031,628700
2019-04-15,377.8963623046875,590800
2019-04-16,390.1734924316406,1030700
2019-04-17,390.9678955078125,628200
2019-04-18,389.46258544921875,530400
2019-04-22,388.0658264160156,432900
2019-04-23,396.4374084472656,687400
2019-04-24,401.5723571777344,1008500
2019-04-25,396.7886657714844,598700
2019-04-26,400.5771484375,469000
2019-04-29,401.2964172363281,366900
2019-04-30,405.8124694824219,567600
2019-05-01,400.70257568359375,488600
2019-05-02,398.42779541015625,436100
2019-05-03,403.5210266113281,403300
2019-05-06,398.3944396972656,434400
2019-05-07,387.8568115234375,709500
2019-05-08,389.278564453125,454800
2019-05-09,388.233154296875,435500
2019-05-10,387.212890625,484000
2019-05-13,370.3026123046875,703900
2019-05-14,372.87841796875,426800
2019-05-15,371.6240539550781,424200
2019-05-16,374.0325927734375,449100
2019-05-17,369.28228759765625,496900
2019-05-20,366.3802795410156,465700
2019-05-21,369.365966796875,307000
2019-05-22,367.2584228515625,331000
2019-05-23,362.86785888671875,577600
2019-05-24,364.43170166015625,277300
2019-05-28,359.0374450683594,462600
2019-05-29,357.8833923339844,390700
2019-05-30,356.7626647949219,412400
2019-05-31,347.5382080078125,534600
2019-06-03,351.1678161621094,581400
2019-06-04,363.4030456542969,558300
2019-06-05,369.2346496582031,605800
2019-06-06,370.144775390625,675300
2019-06-07,374.25726318359375,504000
2019-06-10,374.00433349609375,525000
2019-06-11,373.42291259765625,536800
2019-06-12,376.06060791015625,430100
2019-06-13,377.77130126953125,325900
2019-06-14,376.6673583984375,343500
2019-06-17,370.8948059082031,346400
2019-06-18,378.6392822265625,535400
2019-06-19,383.3922119140625,544300
2019-06-20,392.35028076171875,729100
2019-06-21,394.591796875,1056900
2019-06-24,390.5131530761719,397500
2019-06-25,386.26580810546875,454100
2019-06-26,388.4569396972656,434300
2019-06-27,391.4233093261719,352900
2019-06-28,395.485107421875,634300
2019-07-01,398.54425048828125,471100
2019-07-02,395.965576171875,347000
2019-07-03,400.58355712890625,343900
2019-07-05,403.39825439453125,383100
2019-07-08,398.13128662109375,414600
2019-07-09,399.294189453125,445500
2019-07-10,400.7436828613281,504900
2019-07-11,404.56121826171875,390600
2019-07-12,406.5752258300781,472400
2019-07-15,405.9347839355469,416400
2019-07-16,402.1173095703125,409700
2019-07-17,396.9176940917969,511200
2019-07-18,400.40655517578125,498300
2019-07-19,398.8053894042969,887400
2019-07-22,399.06658935546875,647800
2019-07-23,402.3617248535156,449200
2019-07-24,402.1004333496094,593400
2019-07-25,399.3363342285156,494900
2019-07-26,402.9599609375,418000
2019-07-29,403.0779724121094,363300
2019-07-30,403.1622314453125,391300
2019-07-31,394.119873046875,421000
2019-08-01,380.8641052246094,734500
2019-08-02,377.7207336425781,527700
2019-08-05,363.4788513183594,647600
2019-08-06,367.1783142089844,418100
2019-08-07,362.6951904296875,574000
2019-08-08,368.7879333496094,499900
2019-08-09,359.27374267578125,650000
2019-08-12,350.9393310546875,665900
2019-08-13,358.4310607910156,877200
2019-08-14,346.6667785644531,793400
2019-08-15,344.9222717285156,612700
2019-08-16,353.4842834472656,544300
2019-08-19,358.6248779296875,473000
2019-08-20,352.4984130859375,401700
2019-08-21,354.7231750488281,351200
2019-08-22,353.0966491699219,551900
2019-08-23,343.1947326660156,853300
2019-08-26,341.6947937011719,812300
2019-08-27,345.9420471191406,1068800
2019-08-28,348.74835205078125,590700
2019-08-29,355.658447265625,699700
2019-08-30,356.09674072265625,466300
2019-09-03,350.4169006347656,540200
2019-09-04,353.0671081542969,525000
2019-09-05,360.7801818847656,888800
2019-09-06,360.0242004394531,467200
2019-09-09,365.9873352050781,724700
2019-09-10,363.8551940917969,734800
2019-09-11,367.66925048828125,605100
2019-09-12,369.30023193359375,602200
2019-09-13,376.27423095703125,586500
2019-09-16,370.1156921386719,697400
2019-09-17,373.06329345703125,675300
2019-09-18,376.4441223144531,641700
2019-09-19,377.1406555175781,517700
2019-09-20,377.489013671875,1228200
2019-09-23,379.02642822265625,647100
2019-09-24,375.5606384277344,765400
2019-09-25,378.1685791015625,597500
2019-09-26,378.8565673828125,516700
2019-09-27,378.967041015625,539200
2019-09-30,378.55078125,362500
2019-10-01,368.39984130859375,597000
2019-10-02,357.07659912109375,743200
2019-10-03,356.4394226074219,505400
2019-10-04,363.0906982421875,349800
2019-10-07,359.4636535644531,566900
2019-10-08,350.96051025390625,498400
2019-10-09,354.36688232421875,380800
2019-10-10,357.09356689453125,587400
2019-10-11,368.66314697265625,733500
2019-10-14,368.8415222167969,709800
2019-10-15,377.5399475097656,834700
2019-10-16,379.1964416503906,482800
2019-10-17,382.8235778808594,544600
2019-10-18,378.0411071777344,527900
2019-10-21,385.35491943359375,568600
2019-10-22,382.52618408203125,403100
2019-10-23,388.2515563964844,374000
2019-10-24,386.2128601074219,404600
2019-10-25,390.57891845703125,475400
2019-10-28,396.3213195800781,584100
2019-10-29,395.9815979003906,473700
2019-10-30,396.6441955566406,323600
2019-10-31,392.19305419921875,429500
2019-11-01,398.5384826660156,441500
2019-11-04,404.7903747558594,544100
2019-11-05,409.8106994628906,716800
2019-11-06,415.84185791015625,792800
2019-11-07,416.3684997558594,756500
2019-11-08,416.41094970703125,356200
2019-11-11,413.5058288574219,414100
2019-11-12,413.5058288574219,365300
2019-11-13,412.4694519042969,330100
2019-11-14,411.63702392578125,413300
2019-11-15,417.0480041503906,342100
2019-11-18,417.71063232421875,303700
2019-11-19,418.6109619140625,350600
2019-11-20,415.2217712402344,438800
2019-11-21,411.96826171875,526700
2019-11-22,411.98529052734375,483100
2019-11-25,417.81256103515625,434700
2019-11-26,416.9886474609375,525100
2019-11-27,419.8087463378906,299700
2019-11-29,420.4034118652344,239600
2019-12-02,415.9777526855469,379800
2019-12-03,412.6308898925781,465700
2019-12-04,413.4208679199219,730800
2019-12-05,419.3306579589844,460600
2019-12-06,424.0003967285156,507000
2019-12-09,425.1207275390625,372800
2019-12-10,422.520751953125,354100
2019-12-11,422.41815185546875,469600
2019-12-12,429.4397277832031,535800
2019-12-13,426.4378356933594,455600
2019-12-16,429.3798828125,426900
2019-12-17,429.585205078125,425100
2019-12-18,427.1904296875,542900
2019-12-19,429.6279602050781,428300
2019-12-20,427.2759704589844,967600
2019-12-23,427.3358154296875,361200
2019-12-24,427.3187561035156,126400
2019-12-26,430.3976745605469,157000
2019-12-27,430.2008972167969,221700
2019-12-30,428.3451232910156,276200
2019-12-31,429.935791015625,296900
2020-01-02,435.3067626953125,560400
2020-01-03,430.6799621582031,337300
2020-01-06,431.0475769042969,411300
2020-01-07,433.8014831542969,453900
2020-01-08,433.69891357421875,726500
2020-01-09,438.8304138183594,477100
2020-01-10,438.0436096191406,484000
2020-01-13,447.3914794921875,651800
2020-01-14,443.2949523925781,923600
2020-01-15,453.5066223144531,1005100
2020-01-16,457.5605163574219,778100
2020-01-17,457.7657775878906,669100
2020-01-21,452.54864501953125,775800
2020-01-22,459.1512451171875,778100
2020-01-23,463.49591064453125,804500
2020-01-24,459.1341552734375,751200
2020-01-27,447.990234375,516500
2020-01-28,453.2584533691406,496600
2020-01-29,458.8347473144531,434700
2020-01-30,461.5716247558594,511000
2020-01-31,451.0178527832031,646400
2020-02-03,453.3526916503906,503100
2020-02-04,457.7657775878906,851800
2020-02-05,464.8129577636719,943000
2020-02-06,474.3833312988281,824400
2020-02-07,475.2984619140625,712900
2020-02-10,479.882568359375,744100
2020-02-11,487.8706970214844,598900
2020-02-12,489.61553955078125,426300
2020-02-13,486.2543029785156,479700
2020-02-14,484.0220642089844,472400
2020-02-18,483.0556640625,403200
2020-02-19,489.26483154296875,383200
2020-02-20,484.8601379394531,475200
2020-02-21,476.37603759765625,494200
2020-02-24,451.57379150390625,1063700
2020-02-25,432.7581787109375,1064600
2020-02-26,434.87060546875,959600
2020-02-27,406.94659423828125,1286000
2020-02-28,395.9908447265625,2039300
2020-03-02,417.312255859375,1278200
2020-03-03,412.2919616699219,1589800
2020-03-04,426.82958984375,1175000
2020-03-05,407.14739990234375,1022200
2020-03-06,388.13726806640625,1460300
2020-03-09,361.07867431640625,1478200
2020-03-10,395.53973388671875,1608300
2020-03-11,371.38507080078125,1263400
2020-03-12,332.8220520019531,1669700
2020-03-13,356.5716857910156,1579400
2020-03-16,307.8832702636719,1569300
2020-03-17,333.2875061035156,1609700
2020-03-18,321.7400207519531,1969400
2020-03-19,342.4218444824219,1593700
2020-03-20,305.6771545410156,1363100
2020-03-23,282.15167236328125,1422800
2020-03-24,320.3095397949219,1319600
2020-03-25,345.8861389160156,1951000
2020-03-26,389.42132568359375,1598200
2020-03-27,374.2890930175781,1044200
2020-03-30,392.39434814453125,1177300
2020-03-31,379.1407165527344,1389200
2020-04-01,352.91796875,1163700
2020-04-02,367.5589294433594,649300
2020-04-03,360.2686462402344,612600
2020-04-06,387.3703308105469,957900
2020-04-07,381.8551940917969,831100
2020-04-08,388.6199035644531,772300
2020-04-09,406.24249267578125,1154600
2020-04-13,389.8436279296875,689100
2020-04-14,394.7037658691406,566300
2020-04-15,381.81219482421875,590400
2020-04-16,395.5310363769531,764900
2020-04-17,410.93896484375,977200
2020-04-20,405.7081604003906,589500
2020-04-21,408.7845764160156,1200700
2020-04-22,414.4980163574219,842800
2020-04-23,406.052978515625,512300
2020-04-24,409.44818115234375,517600
2020-04-27,427.9842529296875,613900
2020-04-28,428.9494323730469,655700
2020-04-29,440.68634033203125,638000
2020-04-30,432.6290283203125,580300
2020-05-01,417.2210388183594,526300
2020-05-04,414.9375305175781,634900
2020-05-05,418.3671569824219,525900
2020-05-06,416.56622314453125,520900
2020-05-07,428.6219787597656,537100
2020-05-08,429.8197326660156,450500
2020-05-11,424.9336242675781,699600
2020-05-12,391.610107421875,3499000
2020-05-13,418.6343994140625,9666100
2020-05-14,429.32000732421875,11804100
2020-05-15,442.70281982421875,5957000
2020-05-18,445.0294494628906,5587200
2020-05-19,431.9051513671875,2099700
2020-05-20,438.4027404785156,1496400
2020-05-21,438.2044982910156,1007600
2020-05-22,442.332275390625,632700
2020-05-26,451.2341613769531,1064300
2020-05-27,462.23858642578125,1182100
2020-05-28,462.61767578125,1132800
2020-05-29,455.55145263671875,1159300
2020-06-01,463.8154602050781,668000
2020-06-02,466.4956359863281,846800
2020-06-03,471.9847717285156,1071500
2020-06-04,473.8151550292969,913400
2020-06-05,482.78515625,1438000
2020-06-08,483.4791259765625,1133400
2020-06-09,484.1123962402344,851900
2020-06-10,484.1123962402344,779700
2020-06-11,455.6153564453125,1250800
2020-06-12,457.20269775390625,1065600
2020-06-15,471.07391357421875,1242900
2020-06-16,477.4673156738281,826900
2020-06-17,481.6574401855469,704600
2020-06-18,482.993408203125,531800
2020-06-19,481.7788391113281,1875200
2020-06-22,479.9050598144531,478600
2020-06-23,481.1542663574219,605900
2020-06-24,467.2049560546875,868800
2020-06-25,474.4917907714844,713900
2020-06-26,463.9779357910156,1167800
2020-06-29,462.26031494140625,774400
2020-06-30,471.9934997558594,1067100
2020-07-01,472.1929931640625,548600
2020-07-02,478.65594482421875,742000
2020-07-06,483.669921875,703100
2020-07-07,476.4524841308594,557300
2020-07-08,483.721923828125,435700
2020-07-09,476.63458251953125,462700
2020-07-10,480.65966796875,489500
2020-07-13,479.3410949707031,786400
2020-07-14,486.9490051269531,567300
2020-07-15,493.2470397949219,767600
2020-07-16,491.83319091796875,729900
2020-07-17,509.8422546386719,1150200
2020-07-20,502.7980651855469,706700
2020-07-21,503.1451110839844,523000
2020-07-22,505.34857177734375,460500
2020-07-23,501.5403137207031,453600
2020-07-24,495.0080871582031,421600
2020-07-27,499.0938720703125,618500
2020-07-28,495.0774230957031,488900
2020-07-29,501.0632019042969,724800
2020-07-30,497.1507568359375,341200
2020-07-31,498.8164367675781,375900
2020-08-03,503.1017150878906,496400
2020-08-04,495.3723449707031,513100
2020-08-05,505.0102844238281,465800
2020-08-06,505.0794677734375,455000
2020-08-07,510.24993896484375,469900
2020-08-10,503.3186340332031,465800
2020-08-11,508.9054260253906,576800
2020-08-12,512.0283813476562,612200
2020-08-13,511.43829345703125,359700
2020-08-14,510.4841613769531,316700
2020-08-17,513.5811157226562,411100
2020-08-18,511.1347351074219,456200
2020-08-19,511.60321044921875,418700
2020-08-20,506.05987548828125,552400
2020-08-21,506.6498718261719,418400
2020-08-24,513.0778198242188,381600
2020-08-25,512.8178100585938,373300
2020-08-26,513.6417236328125,540200
2020-08-27,516.14013671875,428900
2020-08-28,521.4144287109375,436000
2020-08-31,515.4547729492188,581700
2020-09-01,517.233154296875,402800
2020-09-02,527.4349365234375,684200
2020-09-03,505.3991394042969,739200
2020-09-04,492.75372314453125,822100
2020-09-08,482.20269775390625,837100
2020-09-09,488.8703308105469,830500
2020-09-10,474.1476745605469,891000
2020-09-11,472.3062438964844,660900
2020-09-14,477.6996765136719,631400
2020-09-15,478.3802185058594,626400
2020-09-16,490.2229309082031,1003900
2020-09-17,478.59844970703125,1033500
2020-09-18,486.0250549316406,2989100
2020-09-21,482.24639892578125,659600
2020-09-22,480.6842346191406,565600
2020-09-23,469.98492431640625,511400
2020-09-24,466.9391784667969,552800
2020-09-25,478.074951171875,486400
2020-09-28,487.5350646972656,567000
2020-09-29,484.17498779296875,409700
2020-09-30,491.8111267089844,741100
2020-10-01,495.61614990234375,551300
2020-10-02,497.54486083984375,523400
2020-10-05,507.0224609375,435300
2020-10-06,506.3677978515625,704300
2020-10-07,516.68310546875,573500
2020-10-08,527.49609375,538100
2020-10-09,533.7184448242188,525100
2020-10-12,536.6157836914062,644700
2020-10-13,557.6217041015625,1154900
2020-10-14,558.3983154296875,694200
2020-10-15,563.9749145507812,792700
2020-10-16,573.6968383789062,765500
2020-10-19,554.06982421875,775700
2020-10-20,562.9539794921875,473500
2020-10-21,554.156982421875,452600
2020-10-22,554.322998046875,483300
2020-10-23,556.1817016601562,494200
2020-10-26,542.9864501953125,686100
2020-10-27,536.3016357421875,349800
2020-10-28,524.2407836914062,645600
2020-10-29,525.6547241210938,447400
2020-10-30,522.931884765625,530400
2020-11-02,536.598388671875,462400
2020-11-03,549.1566162109375,560400
2020-11-04,568.6524658203125,811700
2020-11-05,583.1306762695312,714400
2020-11-06,571.5325927734375,493900
2020-11-09,581.2371215820312,870000
2020-11-10,576.5069580078125,758000
2020-11-11,585.2513427734375,455800
2020-11-12,575.8001098632812,501700
2020-11-13,584.509765625,664100
2020-11-16,590.3218383789062,607600
2020-11-17,582.5199584960938,768900
2020-11-18,584.6144409179688,509000
2020-11-19,587.7474365234375,471200
2020-11-20,587.075439453125,396200
2020-11-23,595.9420776367188,505400
2020-11-24,610.2803955078125,652000
2020-11-25,614.0418701171875,401200
2020-11-27,624.0779418945312,313400
2020-11-30,609.4513549804688,888400
2020-12-01,624.1825561523438,549500
2020-12-02,626.9141845703125,484100
2020-12-03,627.5194702148438,604400
2020-12-04,617.0377197265625,816100
2020-12-07,622.3179931640625,680600
2020-12-08,626.2037353515625,598200
2020-12-09,615.467529296875,489400
2020-12-10,612.5993041992188,438600
2020-12-11,609.7838745117188,488100
2020-12-14,599.8897094726562,658500
2020-12-15,612.3975830078125,617300
2020-12-16,612.5643310546875,849400
2020-12-17,619.265625,832200
2020-12-18,612.9415283203125,1610700
2020-12-21,612.9676513671875,631800
2020-12-22,608.31005859375,596900
2020-12-23,617.1868286132812,752600
2020-12-24,620.2919311523438,173300
2020-12-28,622.9232788085938,272300
2020-12-29,619.5025024414062,318400
2020-12-30,621.835693359375,355300
2020-12-31,632.8875122070312,361500
2021-01-04,623.4845581054688,623600
2021-01-05,626.78271484375,431400
2021-01-06,644.65869140625,730700
2021-01-07,658.218994140625,656000
2021-01-08,663.5081787109375,622900
2021-01-11,672.4814453125,614400
2021-01-12,682.1824951171875,675900
2021-01-13,683.9454956054688,848600
2021-01-14,652.1494750976562,1642900
2021-01-15,638.3433227539062,1174500
2021-01-19,643.5097045898438,852400
2021-01-20,650.4302978515625,747600
2021-01-21,651.009033203125,639600
2021-01-22,644.737548828125,565700
2021-01-25,634.1506958007812,806400
2021-01-26,633.1593627929688,827900
2021-01-27,612.055419921875,1104400
2021-01-28,631.4575805664062,822400
2021-01-29,615.0993041992188,801100
2021-02-01,625.5457763671875,483100
2021-02-02,639.8695678710938,879300
2021-02-03,635.115234375,685300
2021-02-04,642.45703125,636400
2021-02-05,637.0889282226562,474900
2021-02-08,637.1942749023438,532900
2021-02-09,639.25537109375,451000
2021-02-10,634.317138671875,663100
2021-02-11,632.7910766601562,803900
2021-02-12,634.1506958007812,862800
2021-02-16,640.580078125,571400
2021-02-17,632.7557983398438,567100
2021-02-18,617.0905151367188,1078700
2021-02-19,622.8618774414062,804200
2021-02-22,616.748291015625,829900
2021-02-23,616.7658081054688,926300
2021-02-24,624.6072998046875,583200
2021-02-25,609.4242553710938,591000
2021-02-26,609.1698608398438,768500
2021-03-01,630.8348999023438,652800
2021-03-02,628.3001098632812,455100
2021-03-03,615.301025390625,703000
2021-03-04,602.81591796875,915400
2021-03-05,619.6420288085938,698500
2021-03-08,616.7125854492188,649800
2021-03-09,637.0414428710938,959700
2021-03-10,642.7767333984375,823300
2021-03-11,637.1473999023438,751600
2021-03-12,631.9151000976562,528700
2021-03-15,634.4034423828125,526800
2021-03-16,637.9854125976562,562200
2021-03-17,642.5296020507812,463600
2021-03-18,638.5677490234375,640100
2021-03-19,643.782470703125,1452200
2021-03-22,644.9120483398438,524700
2021-03-23,632.2505493164062,556700
2021-03-24,637.7031860351562,544700
2021-03-25,641.8942260742188,462800
2021-03-26,667.8347778320312,803700
2021-03-29,668.6818237304688,581700
2021-03-30,661.0938720703125,598800
2021-03-31,665.2408447265625,638100
2021-04-01,676.596435546875,549200
2021-04-05,691.7634887695312,593500
2021-04-06,689.7254028320312,492300
2021-04-07,695.2752075195312,477100
2021-04-08,706.392578125,558500
2021-04-09,713.2305908203125,484200
2021-04-12,712.9041137695312,482800
2021-04-13,708.0601196289062,376200
2021-04-14,706.8071899414062,552900
2021-04-15,721.6039428710938,766900
2021-04-16,715.9658203125,774600
2021-04-19,715.6481323242188,491100
2021-04-20,710.2396240234375,525200
2021-04-21,716.0364990234375,388500
2021-04-22,701.7338256835938,520000
2021-04-23,717.4833984375,489800
2021-04-26,722.0275268554688,478200
2021-04-27,723.9597778320312,328200
2021-04-28,720.2274780273438,335300
2021-04-29,729.9684448242188,455200
2021-04-30,722.8920288085938,451200
2021-05-03,728.468505859375,490100
2021-05-04,738.0064086914062,557900
2021-05-05,750.870849609375,569900
2021-05-06,765.0674438476562,666600
2021-05-07,771.0054931640625,474200
2021-05-10,756.552978515625,566400
2021-05-11,744.7738037109375,671900
2021-05-12,726.597900390625,649700
2021-05-13,740.2652587890625,554700
2021-05-14,756.0411376953125,481500
2021-05-17,749.5030517578125,347600
2021-05-18,741.2799682617188,373700
2021-05-19,739.8506469726562,632900
2021-05-20,745.4619750976562,360800
2021-05-21,759.482421875,692800
2021-05-24,769.7084350585938,566800
2021-05-25,771.3938598632812,625600
2021-05-26,773.564208984375,616200
2021-05-27,773.2996215820312,704600
2021-05-28,773.8378295898438,435400
2021-06-01,773.7232055664062,407400
2021-06-02,782.996337890625,543400
2021-06-03,780.9752807617188,430800
2021-06-04,786.152099609375,647000
2021-06-07,784.4766845703125,400300
2021-06-08,784.0867309570312,303300
2021-06-09,772.0487060546875,463100
2021-06-10,768.9459838867188,423300
2021-06-11,780.6649169921875,444000
2021-06-14,777.2256469726562,363700
2021-06-15,780.9752807617188,442600
2021-06-16,770.6390991210938,595600
2021-06-17,770.1693725585938,569900
2021-06-18,745.313232421875,1059000
2021-06-21,763.4676513671875,575800
2021-06-22,766.5703735351562,668500
2021-06-23,767.155517578125,566400
2021-06-24,768.857421875,662000
2021-06-25,774.7877807617188,742100
2021-06-28,778.9630126953125,373700
2021-06-29,774.3445434570312,742800
2021-06-30,775.6210327148438,575600
2021-07-01,779.3973388671875,426300
2021-07-02,792.162353515625,430300
2021-07-06,791.3202514648438,527400
2021-07-07,798.6423950195312,468500
2021-07-08,776.9772338867188,629800
2021-07-09,798.9703369140625,764400
2021-07-12,811.9213256835938,861900
2021-07-13,804.9628295898438,590200
2021-07-14,780.3635864257812,993900
2021-07-15,780.0799560546875,620000
2021-07-16,775.6654663085938,983100
2021-07-19,749.19580078125,946300
2021-07-20,779.0516967773438,899800
2021-07-21,782.45556640625,445500
2021-07-22,768.431884765625,601000
2021-07-23,770.28466796875,528500
2021-07-26,772.5361938476562,414400
2021-07-27,764.0172729492188,476100
2021-07-28,762.9803466796875,389200
2021-07-29,770.6746826171875,335200
2021-07-30,768.7067260742188,503700
2021-08-02,774.105224609375,386100
2021-08-03,780.2661743164062,391600
2021-08-04,781.8616943359375,390700
2021-08-05,788.3063354492188,349400
2021-08-06,794.343017578125,472000
2021-08-09,799.5553588867188,347000
2021-08-10,808.94287109375,382600
2021-08-11,812.9585571289062,349200
2021-08-12,814.2438354492188,299100
2021-08-13,812.7545776367188,292700
2021-08-16,819.8729248046875,320600
2021-08-17,806.336669921875,381700
2021-08-18,799.5021362304688,384000
2021-08-19,801.159912109375,427500
2021-08-20,813.0294799804688,384700
2021-08-23,822.5056762695312,351300
2021-08-24,823.6847534179688,288500
2021-08-25,832.8417358398438,329900
2021-08-26,829.6150512695312,272300
2021-08-27,846.5108032226562,454600
2021-08-30,840.4297485351562,284000
2021-08-31,836.18359375,595000
2021-09-01,836.6535034179688,324200
2021-09-02,842.7257080078125,349400
2021-09-03,834.4813232421875,418700
2021-09-07,823.3967895507812,357500
2021-09-08,822.9605712890625,258500
2021-09-09,821.001708984375,478300
2021-09-10,816.0872192382812,332200
2021-09-13,815.7665405273438,422800
2021-09-14,803.0260620117188,574200
2021-09-15,809.8816528320312,494600
2021-09-16,792.7786254882812,726600
2021-09-17,780.4832763671875,1272100
2021-09-20,763.2467041015625,767800
2021-09-21,752.5359497070312,596700
2021-09-22,757.7088623046875,544100
2021-09-23,780.0736694335938,526000
2021-09-24,778.6937255859375,322500
2021-09-27,779.450439453125,416800
2021-09-28,766.1846313476562,642500
2021-09-29,762.6234130859375,547200
2021-09-30,746.6776733398438,562700
2021-10-01,749.5533447265625,477400
2021-10-04,735.0144653320312,596000
2021-10-05,746.7844848632812,445200
2021-10-06,745.6893310546875,472500
2021-10-07,749.962890625,434000
2021-10-08,751.788330078125,350300
2021-10-11,747.6303100585938,531600
2021-10-12,744.4786376953125,823300
2021-10-13,772.6306762695312,1453900
2021-10-14,794.62158203125,802800
2021-10-15,807.7538452148438,1023000
2021-10-18,798.0047607421875,541000
2021-10-19,802.7590942382812,408400
2021-10-20,803.8987426757812,380500
2021-10-21,804.6019897460938,333100
2021-10-22,814.6180419921875,372100
2021-10-25,823.3168334960938,452400
2021-10-26,829.406494140625,377800
2021-10-27,816.6659545898438,452800
2021-10-28,832.878662109375,352200
2021-10-29,839.9833374023438,484700
2021-11-01,833.54638671875,399200
2021-11-02,843.8919067382812,381700
2021-11-03,847.3196411132812,387200
2021-11-04,849.4030151367188,351000
2021-11-05,850.355712890625,340100
2021-11-08,859.9356079101562,372400
2021-11-09,860.7190551757812,394100
2021-11-10,854.0060424804688,340400
2021-11-11,859.6953125,266900
2021-11-12,864.9391479492188,387500
2021-11-15,848.6907348632812,678600
2021-11-16,844.871337890625,472100
2021-11-17,829.3707885742188,677300
2021-11-18,821.5626831054688,681600
2021-11-19,814.6004028320312,738700
2021-11-22,818.4999389648438,520600
2021-11-23,832.834228515625,686100
2021-11-24,828.6407470703125,438900
2021-11-26,802.7503051757812,543200
2021-11-29,826.2190551757812,610600
2021-11-30,805.394287109375,1057500
2021-12-01,801.5839233398438,707900
2021-12-02,818.072509765625,630700
2021-12-03,800.9072875976562,641300
2021-12-06,802.0342407226562,442800
2021-12-07,823.6972045898438,616200
2021-12-08,826.3269653320312,413500
2021-12-09,822.0515747070312,376600
2021-12-10,827.4896850585938,453500
2021-12-13,820.781494140625,463300
2021-12-14,807.1146850585938,828900
2021-12-15,818.3216552734375,465900
2021-12-16,824.2608032226562,474000
2021-12-17,817.1232299804688,724700
2021-12-20,802.5618896484375,549500
2021-12-21,814.7081298828125,381500
2021-12-22,815.3074951171875,350300
2021-12-23,817.4363403320312,416300
2021-12-27,825.173095703125,410900
2021-12-28,824.5022583007812,385200
2021-12-29,813.6796264648438,392000
2021-12-30,817.2932739257812,315900
2021-12-31,818.9031982421875,215100
2022-01-03,815.4774780273438,470800
2022-01-04,820.3878173828125,495800
2022-01-05,797.6248168945312,573300
2022-01-06,800.9519653320312,637000
2022-01-07,798.0719604492188,643300
2022-01-10,781.1405029296875,788500
2022-01-11,794.422607421875,744500
2022-01-12,791.6678466796875,650900
2022-01-13,775.9884643554688,795900
2022-01-14,759.0121459960938,1239700
2022-01-18,744.1646728515625,1018400
2022-01-19,738.350830078125,795100
2022-01-20,739.2901611328125,945800
2022-01-21,716.3657836914062,1248100
2022-01-24,703.75439453125,1688700
2022-01-25,714.24609375,1220000
2022-01-26,711.4913940429688,942700
2022-01-27,704.7740478515625,696600
2022-01-28,722.8236083984375,602800
2022-01-31,736.0612182617188,611200
2022-02-01,738.75341796875,631900
2022-02-02,735.6766967773438,1030400
2022-02-03,720.7037353515625,582600
2022-02-04,724.3262329101562,667400
2022-02-07,730.6766357421875,568500
2022-02-08,722.1527099609375,971600
2022-02-09,727.170654296875,1197800
2022-02-10,696.035400390625,2082100
2022-02-11,690.9371337890625,1271900
2022-02-14,680.04296875,951400
2022-02-15,698.7188110351562,550400
2022-02-16,700.7132568359375,627200
2022-02-17,682.0018920898438,497600
2022-02-18,676.2060546875,494300
2022-02-22,666.7786865234375,690100
2022-02-23,655.1600952148438,814100
2022-02-24,654.5340576171875,1173900
2022-02-25,671.599609375,676400
2022-02-28,665.3566284179688,795800
2022-03-01,639.3466186523438,863400
2022-03-02,660.1242065429688,948200
2022-03-03,659.8291015625,694400
2022-03-04,627.1991577148438,2160700
2022-03-07,609.6235961914062,1154400
2022-03-08,596.8380737304688,1180200
2022-03-09,624.1917114257812,1432500
2022-03-10,627.748291015625,1007800
2022-03-11,618.6004028320312,814600
2022-03-14,628.0453491210938,758700
2022-03-15,637.17529296875,639400
2022-03-16,658.2803955078125,1162300
2022-03-17,667.1222534179688,544800
2022-03-18,665.01513671875,1227100
2022-03-21,660.7293701171875,589300
2022-03-22,672.470458984375,565600
2022-03-23,663.0974731445312,761300
2022-03-24,664.736083984375,463000
2022-03-25,667.2211303710938,419800
2022-03-28,675.180419921875,448900
2022-03-29,696.2135620117188,795100
2022-03-30,699.9232177734375,791800
2022-03-31,688.047119140625,931600
2022-04-01,693.080322265625,683300
2022-04-04,704.3079833984375,882000
2022-04-05,688.2811279296875,754100
2022-04-06,670.9937744140625,845600
2022-04-07,674.2891845703125,475500
2022-04-08,662.7732543945312,820900
2022-04-11,655.8223876953125,591700
2022-04-12,645.4227905273438,955300
2022-04-13,644.4413452148438,908700
2022-04-14,619.6178588867188,1103900
2022-04-18,612.2616577148438,834100
2022-04-19,631.68310546875,998200
2022-04-20,629.3690185546875,928200
2022-04-21,613.576171875,804900
2022-04-22,596.901123046875,797000
2022-04-25,601.7091064453125,1138200
2022-04-26,582.5940551757812,806200
2022-04-27,578.9655151367188,631800
2022-04-28,586.1235961914062,1127300
2022-04-29,562.4524536132812,1011600
2022-05-02,562.5604248046875,1537000
2022-05-03,568.1968383789062,887200
2022-05-04,598.9629516601562,1038100
2022-05-05,570.6728515625,889500
2022-05-06,565.9998779296875,725700
2022-05-09,545.2369995117188,1079400
2022-05-10,549.4417724609375,1179800
2022-05-11,540.5460205078125,1170600
2022-05-12,540.5910034179688,1117500
2022-05-13,554.03369140625,1684400
2022-05-16,538.9703369140625,2287300
2022-05-17,550.7833251953125,1564500
2022-05-18,532.9016723632812,967300
2022-05-19,534.0003051757812,1301100
2022-05-20,540.6270751953125,1200800
2022-05-23,550.5942993164062,918600
2022-05-24,556.7530517578125,1133600
2022-05-25,564.1809692382812,959300
2022-05-26,587.4469604492188,1651200
2022-05-27,600.1334838867188,980700
2022-05-31,602.4295043945312,2519000
2022-06-01,594.7130126953125,919900
2022-06-02,618.1050415039062,955500
2022-06-03,609.15478515625,788500
2022-06-06,612.4193725585938,605300
2022-06-07,616.2914428710938,545100
2022-06-08,600.6940307617188,481900
2022-06-09,598.37255859375,969000
2022-06-10,560.1223754882812,1149800
2022-06-13,542.9379272460938,1226200
2022-06-14,536.1458129882812,750400
2022-06-15,544.0079956054688,922800
2022-06-16,531.1945190429688,1005900
2022-06-17,528.0115356445312,1436700
2022-06-21,557.2841186523438,1130200
2022-06-22,552.51416015625,942900
2022-06-23,566.506591796875,849900
2022-06-24,587.4271240234375,1013800
2022-06-27,577.5789184570312,637200
2022-06-28,570.505615234375,518300
2022-06-29,560.3854370117188,535200
2022-06-30,552.29638671875,721800
2022-07-01,559.2427978515625,502700
2022-07-05,562.8881225585938,572800
2022-07-06,557.46533203125,512800
2022-07-07,565.5906982421875,507900
2022-07-08,561.8362426757812,347000
2022-07-11,548.6329345703125,460100
2022-07-12,547.08203125,499700
2022-07-13,540.8158569335938,601500
2022-07-14,533.7879028320312,1136500
2022-07-15,544.4343872070312,1053000
2022-07-18,541.8588256835938,830900
2022-07-19,569.7984008789062,922700
2022-07-20,575.5928344726562,671500
2022-07-21,579.7461547851562,722000
2022-07-22,574.6044311523438,512600
2022-07-25,576.880615234375,472100
2022-07-26,564.9014282226562,498500
2022-07-27,583.3826293945312,468600
2022-07-28,598.4903564453125,550900
2022-07-29,606.8333129882812,894300
2022-08-01,608.8374633789062,569900
2022-08-02,604.0946655273438,711600
2022-08-03,626.203125,901800
2022-08-04,631.1636352539062,746300
2022-08-05,631.0909423828125,549000
2022-08-08,631.3993530273438,490600
2022-08-09,631.6170043945312,486200
2022-08-10,657.6430053710938,822200
2022-08-11,660.7625122070312,692300
2022-08-12,681.7828979492188,765900
2022-08-15,685.401123046875,720500
2022-08-16,686.5346069335938,664300
2022-08-17,673.9751586914062,594100
2022-08-18,675.7886962890625,785600
2022-08-19,647.34130859375,774900
2022-08-22,630.2929077148438,675600
2022-08-23,632.0340576171875,403500
2022-08-24,635.1627197265625,386000
2022-08-25,644.3942260742188,363700
2022-08-26,613.4168090820312,633200
2022-08-29,612.9180908203125,379500
2022-08-30,610.0435180664062,486400
2022-08-31,604.30322265625,651400
2022-09-01,602.90673828125,485400
2022-09-02,596.7492065429688,502000
2022-09-06,604.4692993164062,656300
2022-09-07,615.9716186523438,482700
2022-09-08,632.142333984375,860100
2022-09-09,635.3765869140625,536600
2022-09-12,636.60986328125,756400
2022-09-13,589.1936645507812,1239900
2022-09-14,587.9785766601562,831800
2022-09-15,577.7098999023438,778000
2022-09-16,572.593505859375,2693900
2022-09-19,579.8931274414062,566400
2022-09-20,568.5462646484375,561600
2022-09-21,555.5547485351562,816600
2022-09-22,548.6204833984375,854700
2022-09-23,540.2976684570312,978900
2022-09-26,534.1398315429688,692600
2022-09-27,528.6124877929688,769400
2022-09-28,534.8525390625,885400
2022-09-29,515.20068359375,877300
2022-09-30,502.7393493652344,851300
2022-10-03,523.240478515625,948900
2022-10-04,540.21533203125,778800
2022-10-05,532.7694702148438,556600
2022-10-06,522.2263793945312,566700
2022-10-07,502.84893798828125,625900
2022-10-10,498.4087219238281,512400
2022-10-11,485.25286865234375,932700
2022-10-12,485.2162170410156,797100
2022-10-13,517.12841796875,2345300
2022-10-14,503.3512268066406,1276400
2022-10-17,520.0703125,890900
2022-10-18,530.8600463867188,800600
2022-10-19,527.9730834960938,815400
2022-10-20,522.91162109375,820800
2022-10-21,545.660400390625,830800
2022-10-24,558.6154174804688,948900
2022-10-25,580.9985961914062,956000
2022-10-26,582.697998046875,1069200
2022-10-27,592.9121704101562,943600
2022-10-28,606.4061279296875,862600
2022-10-31,590.1072998046875,1037400
2022-11-01,595.671142578125,771100
2022-11-02,583.6206665039062,1061500
2022-11-03,579.0526123046875,717200
2022-11-04,599.4627075195312,707300
2022-11-07,617.8718872070312,798500
2022-11-08,627.0353393554688,1084300
2022-11-09,611.7689208984375,539200
2022-11-10,694.1671142578125,1795700
2022-11-11,707.81640625,1278600
2022-11-14,677.1192626953125,1183000
2022-11-15,676.3518676757812,851300
2022-11-16,664.2190551757812,806400
2022-11-17,658.9933471679688,781200
2022-11-18,658.3536376953125,626800
2022-11-21,661.1768798828125,656800
2022-11-22,670.08447265625,605500
2022-11-23,672.70654296875,489000
2022-11-25,674.0404052734375,301600
2022-11-28,658.865234375,480100
2022-11-29,652.3147583007812,698400
2022-11-30,654.14208984375,2757000
2022-12-01,659.7882080078125,1103900
2022-12-02,651.3829345703125,1142800
2022-12-05,651.1819458007812,1100300
2022-12-06,653.3988037109375,841000
2022-12-07,652.359375,877800
2022-12-08,647.0975341796875,625800
2022-12-09,650.326416015625,549000
2022-12-12,652.4237670898438,701300
2022-12-13,666.1487426757812,949800
2022-12-14,654.5303955078125,549200
2022-12-15,642.2588500976562,566500
2022-12-16,644.1355590820312,1697100
2022-12-19,637.0061645507812,606700
2022-12-20,636.1690673828125,590100
2022-12-21,655.8366088867188,652200
2022-12-22,646.9962768554688,623200
2022-12-23,647.5574340820312,363200
2022-12-27,646.9319458007812,325100
2022-12-28,644.2366943359375,457700
2022-12-29,658.7894897460938,395300
2022-12-30,651.871826171875,413000
2023-01-03,655.0086669921875,540800
2023-01-04,664.0789794921875,710200
2023-01-05,645.0737915039062,686700
2023-01-06,678.889404296875,1215700
2023-01-09,692.6787719726562,1102800
2023-01-10,696.6253051757812,758900
2023-01-11,695.3740234375,788000
2023-01-12,693.5711059570312,938600
2023-01-13,693.5987548828125,984100
2023-01-17,689.679931640625,823800
2023-01-18,687.4996948242188,728800
2023-01-19,671.41064453125,650700
2023-01-20,682.3021850585938,724300
2023-01-23,688.1068725585938,730200
2023-01-24,691.8324584960938,558200
2023-01-25,691.0782470703125,1070300
2023-01-26,698.115478515625,488700
2023-01-27,698.3729858398438,489400
2023-01-30,687.9596557617188,458300
2023-01-31,698.4005737304688,572000
2023-02-01,701.546630859375,702200
2023-02-02,708.997802734375,1101700
2023-02-03,696.5148315429688,1201800
2023-02-06,682.918701171875,691500
2023-02-07,681.4835815429688,730300
2023-02-08,671.4013671875,517600
2023-02-09,658.6238403320312,723700
2023-02-10,665.5599365234375,626000
2023-02-13,677.88671875,583100
2023-02-14,670.7483520507812,466700
2023-02-15,666.1854858398438,479200
2023-02-16,655.891845703125,492600
2023-02-17,658.7987060546875,519200
2023-02-21,640.0234375,646400
2023-02-22,632.3515014648438,937900
2023-02-23,636.4265747070312,614800
2023-02-24,628.6902465820312,553500
2023-02-27,628.349853515625,560000
2023-02-28,634.2096557617188,859100
2023-03-01,626.0501098632812,635000
2023-03-02,630.9715576171875,490200
2023-03-03,639.5542602539062,812200
2023-03-06,637.8402709960938,543300
2023-03-07,625.1184692382812,417200
2023-03-08,624.84033203125,554800
2023-03-09,603.4552612304688,787100
2023-03-10,588.3985595703125,960900
2023-03-13,579.8184814453125,997600
2023-03-14,590.992919921875,928600
2023-03-15,585.3500366210938,1130000
2023-03-16,590.205322265625,726200
2023-03-17,589.9552001953125,2701500
2023-03-20,596.3021850585938,924200
2023-03-21,613.5270385742188,791200
2023-03-22,600.712646484375,480100
2023-03-23,603.91845703125,483400
2023-03-24,597.5252685546875,574100
2023-03-27,600.712646484375,411100
2023-03-28,598.7852172851562,373300
2023-03-29,608.9590454101562,589300
2023-03-30,612.4985961914062,392300
2023-03-31,619.9851684570312,516300
2023-04-03,617.4742431640625,622800
2023-04-04,610.7103271484375,525100
2023-04-05,607.8656005859375,426100
2023-04-06,608.1992797851562,441700
2023-04-10,611.3681030273438,393800
2023-04-11,620.504150390625,535800
2023-04-12,617.0665283203125,481200
2023-04-13,621.4769897460938,694000
2023-04-14,640.5642700195312,1117700
2023-04-17,647.0780639648438,586100
2023-04-18,643.0661010742188,593800
2023-04-19,644.1871337890625,348100
2023-04-20,645.2433471679688,580400
2023-04-21,630.937255859375,774500
2023-04-24,624.6829223632812,451800
2023-04-25,611.2662963867188,552200
2023-04-26,602.8900756835938,434700
2023-04-27,614.0180053710938,393900
2023-04-28,621.9124755859375,529000
2023-05-01,614.2868041992188,560200
2023-05-02,603.6219482421875,719700
2023-05-03,595.2366333007812,430700
2023-05-04,585.2760009765625,589300
2023-05-05,597.154541015625,484300
2023-05-08,595.9131469726562,374500
2023-05-09,588.8988647460938,441700
2023-05-10,582.9781494140625,622400
2023-05-11,594.875244140625,726100
2023-05-12,597.7289428710938,906200
2023-05-15,597.4046020507812,501900
2023-05-16,587.28662109375,362700
2023-05-17,602.8621826171875,478300
2023-05-18,620.1797485351562,1125900
2023-05-19,617.742919921875,1362500
2023-05-22,622.0885620117188,648800
2023-05-23,612.9525756835938,713300
2023-05-24,606.9020385742188,554500
2023-05-25,612.0167236328125,522800
2023-05-26,622.9317626953125,533900
2023-05-30,624.1177368164062,504200
2023-05-31,609.2647705078125,1898400
2023-06-01,619.7257080078125,569800
2023-06-02,631.7896728515625,559800
2023-06-05,626.81396484375,551600
2023-06-06,634.6250610351562,748600
2023-06-07,633.0474853515625,534100
2023-06-08,635.2410278320312,521800
2023-06-09,638.8065185546875,465300
2023-06-12,636.9212036132812,435000
2023-06-13,643.1841430664062,624000
2023-06-14,646.3203125,678000
2023-06-15,663.8119506835938,644400
2023-06-16,655.9622192382812,1281900
2023-06-20,644.9202270507812,698100
2023-06-21,643.1373901367188,489300
2023-06-22,634.1210327148438,361200
2023-06-23,635.11962890625,686000
2023-06-26,634.8583374023438,403800
2023-06-27,639.030517578125,528600
2023-06-28,639.5719604492188,368100
2023-06-29,642.36279296875,524700
2023-06-30,645.0975341796875,921900
2023-07-03,647.375,376900
2023-07-05,646.6749267578125,681400
2023-07-06,635.2877197265625,675300
2023-07-07,638.526611328125,435200
2023-07-10,649.79248046875,568600
2023-07-11,662.8878173828125,504900
2023-07-12,677.6350708007812,642000
2023-07-13,690.515869140625,928100
2023-07-14,679.5300903320312,1064100
2023-07-17,679.380615234375,648400
2023-07-18,689.7037963867188,790000
2023-07-19,697.5161743164062,718900
2023-07-20,700.8577880859375,621600
2023-07-21,701.165771484375,512300
2023-07-24,706.1781005859375,385400
2023-07-25,696.3215942382812,610700
2023-07-26,693.6520385742188,552800
2023-07-27,680.5006103515625,555200
2023-07-28,689.1531372070312,522800
2023-07-31,689.6292114257812,367700
2023-08-01,683.478271484375,359600
2023-08-02,669.6454467773438,649200
2023-08-03,662.8598022460938,585500
2023-08-04,662.9624633789062,475100
2023-08-07,665.0812377929688,387900
2023-08-08,650.548583984375,676900
2023-08-09,645.9843139648438,447400
2023-08-10,650.5765380859375,496900
2023-08-11,649.2697143554688,381100
2023-08-14,646.7682495117188,395000
2023-08-15,627.9979248046875,519700
2023-08-16,627.4566040039062,494700
2023-08-17,629.099365234375,471200
2023-08-18,625.5991821289062,530500
2023-08-21,626.8499145507812,434300
2023-08-22,621.4830322265625,332500
2023-08-23,633.5515747070312,386800
2023-08-24,628.3152465820312,317900
2023-08-25,630.9287719726562,275200
2023-08-28,633.766357421875,430900
2023-08-29,644.9948120117188,502600
2023-08-30,649.4564819335938,483900
2023-08-31,653.8713989257812,617100
2023-09-01,659.14501953125,454500
2023-09-05,649.5684814453125,556800
2023-09-06,647.93505859375,426600
2023-09-07,649.7025146484375,453000
2023-09-08,649.2888793945312,352400
2023-09-11,654.2811279296875,563500
2023-09-12,655.6068115234375,404000
2023-09-13,655.5032348632812,645200
2023-09-14,664.5099487304688,660100
2023-09-15,655.6724243164062,2816100
2023-09-18,653.3033447265625,494400
2023-09-19,647.7283325195312,428100
2023-09-20,642.5761108398438,334100
2023-09-21,628.802978515625,547700
2023-09-22,620.5952758789062,468300
2023-09-25,618.1978759765625,458300
2023-09-26,608.0159912109375,589000
2023-09-27,604.8853759765625,548800
2023-09-28,606.6246337890625,696100
2023-09-29,607.7999267578125,539900
2023-10-02,604.556396484375,569000
2023-10-03,588.037841796875,678600
2023-10-04,598.4358520507812,546700
2023-10-05,601.9802856445312,496900
2023-10-06,609.4638671875,608300
2023-10-09,605.1016235351562,536100
2023-10-10,603.5315551757812,626700
2023-10-11,604.20849609375,515000
2023-10-12,598.097412109375,744200
2023-10-13,590.0966796875,1263400
2023-10-16,597.420654296875,695400
2023-10-17,598.0316162109375,578500
2023-10-18,579.7832641601562,664500
2023-10-19,585.2549438476562,1040800
2023-10-20,578.0346069335938,850300
2023-10-23,577.9406127929688,469500
2023-10-24,575.7406616210938,657200
2023-10-25,572.252685546875,562000
2023-10-26,570.739013671875,856400
2023-10-27,562.287109375,543000
2023-10-30,570.7861328125,528100
2023-10-31,575.6372680664062,508900
2023-11-01,579.33203125,537100
2023-11-02,605.9196166992188,1174000
2023-11-03,618.5927124023438,894200
2023-11-06,614.1270751953125,469400
2023-11-07,609.7742919921875,440800
2023-11-08,615.753662109375,482200
2023-11-09,612.8108520507812,437100
2023-11-10,625.2020874023438,522700
2023-11-13,621.8645629882812,356400
2023-11-14,655.6161499023438,1011000
2023-11-15,666.41845703125,747400
2023-11-16,672.11572265625,558900
2023-11-17,673.95849609375,715600
2023-11-20,677.7754516601562,668300
2023-11-21,681.2728881835938,642900
2023-11-22,683.6233520507812,498100
2023-11-24,686.4060668945312,279600
2023-11-27,686.951416015625,868100
2023-11-28,692.6676025390625,610200
2023-11-29,702.57666015625,750000
2023-11-30,706.271484375,961300
2023-12-01,711.0851440429688,746700
2023-12-04,711.1604614257812,767900
2023-12-05,709.1577758789062,860700
2023-12-06,703.2615356445312,624800
2023-12-07,705.504638671875,784300
2023-12-08,704.8326416015625,456000
2023-12-11,712.1011352539062,781300
2023-12-12,718.6126098632812,607600
2023-12-13,731.9951171875,600000
2023-12-14,763.8897094726562,1197400
2023-12-15,775.123779296875,2703000
2023-12-18,753.7723388671875,916300
2023-12-19,758.44775390625,756400
2023-12-20,746.94873046875,547900
2023-12-21,756.2899169921875,341100
2023-12-22,759.4320068359375,426600
2023-12-26,763.3975219726562,280600
2023-12-27,769.6819458007812,298000
2023-12-28,770.7796630859375,311500
2023-12-29,768.3093872070312,318500
2024-01-02,757.4255981445312,660000
2024-01-03,742.140869140625,638700
2024-01-04,743.8443603515625,580200
2024-01-05,740.8914184570312,471000
2024-01-08,754.482177734375,513200
2024-01-09,751.9552612304688,454700
2024-01-10,749.9109497070312,510800
2024-01-11,750.1475830078125,735800
2024-01-12,756.762939453125,880500
2024-01-16,748.9835205078125,895200
2024-01-17,745.2451782226562,617100
2024-01-18,752.6555786132812,506700
2024-01-19,762.2902221679688,681500
2024-01-22,751.4820556640625,760500
2024-01-23,750.1002807617188,718300
2024-01-24,743.6549682617188,659700
2024-01-25,748.1127319335938,723800
2024-01-26,745.1218872070312,687900
2024-01-29,746.447021484375,622200
2024-01-30,739.8504028320312,936600
2024-01-31,732.8280029296875,730800
2024-02-01,742.8789672851562,626600
2024-02-02,745.7844848632812,509900
2024-02-05,741.2132568359375,501100
2024-02-06,745.7655029296875,666300
2024-02-07,752.1256713867188,700600
2024-02-08,750.7059326171875,545500
2024-02-09,754.5010375976562,536600
2024-02-12,758.807373046875,499300
2024-02-13,736.3865966796875,637400
2024-02-14,743.3238525390625,420900
2024-02-15,755.2960205078125,508200
2024-02-16,751.4630737304688,393700
2024-02-20,755.3528442382812,582200
2024-02-21,762.2996826171875,419100
2024-02-22,769.8617553710938,549600
2024-02-23,770.003662109375,492500
2024-02-26,762.8486328125,577800
2024-02-27,757.6527099609375,555900
2024-02-28,766.2840576171875,513000
2024-02-29,767.8741455078125,758800
2024-03-01,771.1771850585938,431300
2024-03-04,789.764892578125,858900
2024-03-05,782.6383666992188,497600
2024-03-06,790.7901611328125,538000
2024-03-07,792.0281372070312,384700
2024-03-08,796.2372436523438,396200
2024-03-11,785.800048828125,428600
2024-03-12,790.0187377929688,438600
2024-03-13,786.5905151367188,510800
2024-03-14,770.2203979492188,859000
2024-03-15,764.239990234375,1576700
2024-03-18,762.0782470703125,634800
2024-03-19,764.0303955078125,593900
2024-03-20,778.8768310546875,451400
2024-03-21,801.8938598632812,643300
2024-03-22,785.4857177734375,615100
2024-03-25,777.2769165039062,378100
2024-03-26,781.0765991210938,374000
2024-03-27,795.284912109375,466500
2024-03-28,793.9327392578125,532100
2024-04-01,787.333251953125,395900
2024-04-02,777.6387939453125,530700
2024-04-03,775.9342041015625,369600
2024-04-04,754.3074951171875,1189400
2024-04-05,759.5166015625,687300
2024-04-08,765.0018310546875,760200
2024-04-09,765.55419921875,802100
2024-04-10,746.2700805664062,654400
2024-04-11,748.4699096679688,812000
2024-04-12,726.9860229492188,1453600
2024-04-15,726.595458984375,935200
2024-04-16,713.910888671875,662900
2024-04-17,717.8344116210938,585800
2024-04-18,711.6539306640625,614900
2024-04-19,714.2061157226562,867800
2024-04-22,723.8529052734375,617200
2024-04-23,730.0524291992188,461000
2024-04-24,726.4146118164062,751200
2024-04-25,721.51025390625,510100
2024-04-26,726.49072265625,447900
2024-04-29,724.9671630859375,483700
2024-04-30,718.6438598632812,418600
2024-05-01,715.729736328125,614800
2024-05-02,720.8912963867188,632500
2024-05-03,727.4716796875,558300
2024-05-06,737.6898193359375,450100
2024-05-07,743.6702270507812,777400
2024-05-08,741.2037963867188,665700
2024-05-09,751.4886474609375,654800
2024-05-10,758.6690063476562,607100
2024-05-13,752.6314086914062,416800
2024-05-14,764.658935546875,492200
2024-05-15,776.7913208007812,667300
2024-05-16,769.1824340820312,486300
2024-05-17,773.477294921875,394400
2024-05-20,766.7825927734375,366300
2024-05-21,766.5349731445312,461800
2024-05-22,761.4688110351562,391600
2024-05-23,747.1270751953125,538300
2024-05-24,744.6034545898438,429000
2024-05-28,734.6138916015625,636200
2024-05-29,720.4912719726562,574900
2024-05-30,725.5194091796875,650000
2024-05-31,735.204345703125,1616000
2024-06-03,740.28955078125,571000
2024-06-04,747.831787109375,666400
2024-06-05,751.2505493164062,539800
2024-06-06,741.3943481445312,406300
2024-06-07,736.8507080078125,468100
2024-06-10,734.4349975585938,588900
2024-06-11,726.2487182617188,499000
2024-06-12,738.2117309570312,833200
2024-06-13,737.8283081054688,462500
2024-06-14,737.464111328125,376800
2024-06-17,748.7274780273438,541600
2024-06-18,751.1910400390625,479700
2024-06-20,750.4049072265625,496800
2024-06-21,754.9773559570312,869500
2024-06-24,765.857177734375,528700
2024-06-25,761.4861450195312,388900
2024-06-26,754.8335571289062,529000
2024-06-27,748.775390625,428400
2024-06-28,754.708984375,769500
2024-07-01,749.8680419921875,543500
2024-07-02,756.4439086914062,367300
2024-07-03,756.4342651367188,250800
2024-07-05,757.85302734375,341400
2024-07-08,757.4600219726562,529600
2024-07-09,769.0492553710938,629500
2024-07-10,778.3666381835938,519000
2024-07-11,790.70361328125,634100
2024-07-12,793.6752319335938,677100
2024-07-15,788.8726806640625,888100
2024-07-16,808.983642578125,744600
2024-07-17,806.2517700195312,692000
2024-07-18,794.66259765625,718000
2024-07-19,796.2921752929688,1036200
2024-07-22,808.3126220703125,573200
2024-07-23,809.70263671875,701500
2024-07-24,793.3684692382812,660300
2024-07-25,801.8901977539062,587500
2024-07-26,820.7359008789062,555800
2024-07-29,826.439453125,612700
2024-07-30,836.4470825195312,539600
2024-07-31,840.1950073242188,656800
2024-08-01,829.5068359375,586500
2024-08-02,810.9776000976562,479800
2024-08-05,796.3496704101562,1328800
2024-08-06,806.1271362304688,525100
2024-08-07,805.0535888671875,750900
2024-08-08,819.4226684570312,381500
2024-08-09,820.7455444335938,290400
2024-08-12,803.548583984375,510300
2024-08-13,819.192626953125,385800
2024-08-14,822.0012817382812,325100
2024-08-15,835.9389038085938,520800
2024-08-16,836.3511962890625,395200
2024-08-19,834.1656494140625,456000
2024-08-20,825.3082885742188,348700
2024-08-21,827.3406372070312,453700
2024-08-22,829.4014282226562,327400
2024-08-23,846.2724609375,416300
2024-08-26,846.56005859375,413800
2024-08-27,849.4262084960938,300400
2024-08-28,851.8514404296875,441200
2024-08-29,857.8040771484375,417900
2024-08-30,864.456787109375,478200
2024-09-03,849.7136840820312,433500
2024-09-04,849.7713012695312,356600
2024-09-05,840.329345703125,426000
2024-09-06,831.0118408203125,748900
2024-09-09,846.5556030273438,394800
2024-09-10,852.235107421875,269900
2024-09-11,845.764892578125,431900
2024-09-12,853.4789428710938,478700
2024-09-13,854.067138671875,406900
2024-09-16,863.1793823242188,380900
2024-09-17,872.1854858398438,416900
2024-09-18,889.7252197265625,656300
2024-09-19,901.4505615234375,625500
2024-09-20,895.5878295898438,970100
2024-09-23,904.0925903320312,396500
2024-09-24,907.5831909179688,366500
2024-09-25,903.3114624023438,476800
2024-09-26,911.2376708984375,459400
2024-09-27,911.4208984375,472500
2024-09-30,915.567138671875,362200
2024-10-01,900.6309814453125,543800
2024-10-02,923.0304565429688,368200
2024-10-03,917.4763793945312,511100
2024-10-04,915.2586669921875,491700
2024-10-07,907.0431518554688,561400
2024-10-08,915.1428833007812,389000
2024-10-09,921.748046875,573200
2024-10-10,921.4298706054688,564400
2024-10-11,954.8604736328125,927500
2024-10-14,956.2682495117188,768400
2024-10-15,971.0020141601562,618800
2024-10-16,979.4392700195312,547100
2024-10-17,966.6629028320312,684700
2024-10-18,971.0213012695312,505400
2024-10-21,964.7633666992188,311200
2024-10-22,965.0333251953125,504400
2024-10-23,952.8353881835938,441400
2024-10-24,948.8243408203125,353600
2024-10-25,939.2492065429688,433500
2024-10-28,950.9647827148438,329400
2024-10-29,948.02392578125,269500
2024-10-30,944.8418579101562,427900
2024-10-31,945.96044921875,607800
2024-11-01,949.8656005859375,792000
2024-11-04,956.05615234375,512500
2024-11-05,978.0892333984375,424800
2024-11-06,993.0062255859375,1266900
2024-11-07,999.0232543945312,528700
2024-11-08,1002.1281127929688,454500
2024-11-11,1016.1675415039062,681500
2024-11-12,999.3027954101562,489900
2024-11-13,994.124755859375,408800
2024-11-14,1009.649169921875,1048700
2024-11-15,1009.9290161132812,583400
2024-11-18,1012.43603515625,563200
2024-11-19,991.357421875,673500
2024-11-20,988.0404052734375,593700
2024-11-21,991.2513427734375,473100
2024-11-22,999.4088745117188,713000
2024-11-25,994.6166381835938,1463700
2024-11-26,989.78564453125,772700
2024-11-27,983.0069580078125,481900
2024-11-29,986.2372436523438,390000
2024-12-02,983.6433715820312,719600
2024-12-03,1001.858154296875,941700
2024-12-04,998.0011596679688,1029500
2024-12-05,1012.4202880859375,880500
2024-12-06,1010.5693969726562,550300
2024-12-09,1013.9706420898438,742600
2024-12-10,1024.329345703125,645000
2024-12-11,1032.265869140625,1139700
2024-12-12,1026.0252685546875,687100
2024-12-13,1023.8159790039062,537300
2024-12-16,1031.6746826171875,897800
2024-12-17,1016.7227783203125,990400
2024-12-18,988.6983642578125,864900
2024-12-19,984.8513793945312,796300
2024-12-20,996.8284912109375,2079800
2024-12-23,1007.49755859375,488100
2024-12-24,1022.1588745117188,276600
2024-12-26,1021.6259765625,292100
2024-12-27,1011.8388061523438,337100
2024-12-30,995.607666015625,591700
2024-12-31,993.3594360351562,619400
