date,AAPL US Equity, MSFT US Equity, NVDA US Equity, ORCL US Equity, CSCO US Equity, INTC US Equity, IBM US Equity, TXN US Equity, ADBE US Equity, QCOM US Equity, JPM US Equity, BAC US Equity, WFC US Equity, C US Equity, GS US Equity, MS US Equity, USB US Equity, PNC US Equity, AXP US Equity, BLK US Equity, XOM US Equity, CVX US Equity, COP US Equity, SLB US Equity, EOG US Equity, OXY US Equity, VLO US Equity, MPC US Equity, PSX US Equity, HAL US Equity, PG US Equity, KO US Equity, PEP US Equity, WMT US Equity, COST US Equity, MDLZ US Equity, CL US Equity, KMB US Equity, GIS US Equity, SYY US Equity
2015-03-31,27.0867,6.499,4.3518,0.2149,5.1278,0.1332,-11.8996,5.5984,10.9048,8.2771,2.419,-7.8297,2.9276,-4.3409,8.3418,8.2444,1.6569,-0.3507,-2.9261,1.985,-36.9217,-37.9222,-49.9449,-8.8175,-37.8038,-37.8221,-40.8728,-29.4488,-47.1832,-4.0555,-13.8028,1.2765,-3.2164,-0.1166,4.364,-10.1724,-5.896,-4.0106,-0.6054,4.1603
2015-06-30,32.5203,-5.1407,4.5331,-5.424,3.933,-4.5984,-13.4487,-1.8226,8.7951,-14.3109,-4.1098,-0.304,0.9335,-2.2526,-1.3827,8.4975,-2.75,2.0312,-4.1437,4.5716,-33.1667,-34.7885,-39.9971,-25.253,-37.1907,-32.4177,-32.391,-26.33,-40.0828,-26.4812,-15.5287,-3.3243,-5.7476,0.0866,1.1902,-9.1868,-6.5717,-6.2588,0.3502,0.9355
2015-09-30,22.2634,-9.8746,6.5306,-1.7217,3.5688,-0.6115,-13.917,-2.0566,21.1217,-18.4698,-6.4402,-1.5096,2.8198,-6.0007,-15.5371,-12.3998,2.7175,-0.2706,-1.5018,2.1411,-37.4356,-37.6997,-39.8841,-33.0065,-50.3606,-36.46,-38.8485,-29.7615,-39.1882,-35.8465,-20.5127,-4.5842,-5.1516,-1.3386,0.7178,-17.8481,-8.6778,-6.6851,-1.4174,0.9444
2015-12-31,1.7065,-4.5977,11.9904,-6.3034,-0.0754,1.3111,-8.5182,-2.4472,21.7153,-18.6505,2.0618,5.8234,0.8688,1.4199,-1.58,-4.4434,0.4386,-1.6241,-7.3266,2.8376,-31.2335,-34.4329,-43.8526,-38.739,-49.4211,-34.8502,-37.9949,-32.6437,-41.0718,-42.0525,-8.5428,-8.0206,-6.8328,-1.4426,1.3177,-16.6025,-7.6285,-5.9859,-6.0969,0.5506
2016-03-31,-12.8478,-0.9757,13.3797,-3.3773,-1.1288,7.206,-4.6248,-4.5079,24.7168,-19.4807,-2.0922,-0.4824,5.5942,-9.9675,-33.8336,-20.4273,2.9722,-0.1006,1.8301,-3.6357,-28.598,-29.634,-33.6314,-36.3778,-47.959,-31.2723,-21.051,-28.843,-27.6422,-40.4539,-6.9403,-4.0052,-2.9058,0.9388,2.608,-16.8384,-7.5676,-4.5832,-8.0098,2.1805
2016-06-30,-14.6094,5.8341,23.8508,-1.0461,-1.5962,2.5616,-2.7627,1.2686,20.3545,3.6351,4.6954,-3.4878,5.8409,-8.2279,-8.0333,-7.1401,8.6891,-0.2185,-0.3104,-3.4768,-22.1271,-25.2524,-35.5119,-20.4883,-32.9886,-27.0395,-17.0345,-19.7871,-26.7795,-35.2087,-2.7246,-5.0757,-3.316,0.5198,2.5593,-17.7392,-5.4353,-1.1846,-8.628,10.0464
2016-09-30,-9.027,4.8685,53.5632,1.7401,-2.6021,9.0771,-0.2801,7.1741,20.2172,13.3431,10.3476,2.3672,4.3739,-3.2312,22.1799,13.0527,5.9159,2.1707,-4.5158,-2.5086,-14.2585,-11.5607,-11.6635,-17.1506,-11.7697,-15.0193,-6.6157,-12.0995,-18.008,-31.3329,-0.0545,-6.9485,-1.8615,0.6567,2.1857,-6.6141,-3.3008,-2.6282,-7.1294,11.1923
2016-12-30,3.2673,2.269,55.1035,0.467,-2.9094,9.7895,-1.3101,7.0555,23.118,3.8788,3.746,0.3737,2.6368,-5.0007,17.6241,21.8016,5.6223,1.8937,-4.0496,0.9431,7.7942,8.1682,8.1996,-8.2257,26.7761,-0.6415,19.9027,25.1645,9.7014,-20.8776,-0.3488,-5.91,5.004,0.9787,3.2292,-8.0663,-4.5653,1.9828,-7.0691,10.7264
2017-03-31,4.6265,7.8775,48.4291,2.1416,-0.5,7.9842,-2.8313,13.0984,21.5646,-9.6379,9.8619,6.8074,2.7404,7.0115,31.4366,26.6088,5.2514,6.7942,7.5062,17.8354,33.5398,39.3547,46.8073,5.7362,89.1199,39.284,38.5516,49.0347,41.3481,1.9295,-0.9521,-11.3208,1.5765,1.4132,5.6656,-0.6352,0.0,0.6256,-5.2269,12.6752
2017-06-30,7.2005,9.0781,56.1625,2.8129,-3.9959,9.0889,-4.6892,12.8323,26.7018,-11.135,8.668,9.4642,3.7455,7.3689,6.2938,12.3668,1.0855,8.9051,11.7864,15.4066,10.0167,19.363,26.7951,4.1597,43.4853,20.9008,13.6336,21.8662,13.5979,29.2568,-0.1428,-15.9199,2.0461,2.0694,7.8113,-5.0143,-0.4941,-0.2616,-3.0882,5.665
2017-09-29,12.2236,11.9026,31.5369,5.922,-1.7487,2.3514,-0.3797,12.0,25.7593,-4.5116,8.5741,5.3693,2.4347,8.9042,10.701,11.556,4.8395,10.4539,20.1609,23.6517,15.6244,16.935,4.2557,12.6229,34.4263,13.2553,19.9145,30.6447,21.8098,42.0297,0.8173,-14.6243,1.329,4.2309,15.7002,2.0951,2.767,1.5455,-3.5492,4.8807
2017-12-29,12.6891,11.9724,33.9623,6.1317,2.6511,4.1468,3.5508,9.8418,24.7557,0.6001,8.9463,6.5461,6.2699,8.6352,4.0359,10.8435,5.0818,12.9378,21.9561,30.2422,15.8035,21.3113,19.2392,15.0837,45.8666,25.2511,27.4237,23.0207,30.211,47.7244,3.1977,-11.6378,0.0564,4.0715,13.2033,2.8951,4.5955,-0.5617,2.106,7.0908
2018-03-29,15.5796,15.5394,65.5653,5.1168,4.3802,8.5834,5.051,11.3757,23.6257,4.067,15.6643,8.0321,3.7235,9.5751,30.5772,18.4935,7.2718,9.9906,12.9698,15.8797,15.8692,20.5079,17.0258,13.5625,45.447,27.2574,21.4358,15.8276,18.8186,34.1435,4.3319,-16.3632,4.2576,4.3797,10.8479,5.4724,6.3796,5.04,2.3489,6.1026
2018-06-29,17.3031,17.4966,40.0448,1.1201,5.8601,14.8953,3.7016,8.7734,23.8784,3.8354,12.5493,4.2364,2.3264,9.7472,31.3499,19.709,8.437,11.5505,10.5231,11.403,27.5408,30.171,25.4092,11.2704,67.0318,33.4314,39.3682,22.7558,39.0929,24.0065,2.637,-2.8963,2.4188,3.7883,12.131,2.1049,1.5682,0.6119,2.1962,6.2052
2018-09-28,19.6295,18.5264,20.6753,0.9776,7.7126,18.6637,-2.0728,3.5228,24.4424,-2.1507,11.2804,9.0507,5.2733,8.5929,16.753,16.8216,8.223,11.7814,10.7831,1.9384,24.9992,31.4754,41.2829,7.5775,73.7878,73.9246,30.9269,19.6668,33.8726,13.3725,0.2222,-3.3377,1.5086,1.3923,4.9905,-3.706,-3.2461,-1.7792,8.6172,3.8556
2018-12-31,-4.5111,12.2865,-24.2528,-0.2816,4.7026,9.406,-3.4734,-0.88,22.8262,-19.768,15.3749,16.51,2.2758,8.7836,17.663,5.2204,11.623,10.0844,9.9251,-8.7673,4.503,16.898,19.0541,0.0122,24.2425,36.3688,8.8587,53.5645,10.4037,-0.0673,0.2472,-6.1102,-0.0102,1.8537,10.2487,-2.7706,-2.0812,-0.7386,5.0611,2.4579
2019-03-29,-5.1066,13.9901,-30.7764,-0.6408,3.9718,-0.0311,-4.6665,-5.1465,25.1088,-4.5594,11.6723,7.0595,5.0234,7.7438,-1.5382,4.6289,9.5497,12.2322,8.8983,-6.6146,-5.7919,-4.9461,4.0009,0.6387,9.9082,6.4045,-8.2303,49.7562,-2.0852,-0.0523,1.1117,14.0047,2.5633,1.0066,7.2769,-3.3555,-2.9485,-2.0714,8.1395,2.1504
2019-06-28,1.0213,12.0725,-17.4191,1.1077,4.5469,-2.6943,-4.2094,-8.6881,24.9909,72.7631,9.4963,7.4898,5.7858,8.8938,4.3972,5.5624,9.1009,8.9125,9.4838,-2.2469,-5.5489,-10.2936,-6.4793,-0.4095,3.6402,8.2537,-6.7129,50.2397,-3.9096,-3.5302,3.5812,6.114,2.2312,1.8348,7.3514,-0.8181,-0.5147,-0.2172,6.9791,1.0378
2019-09-30,1.8124,13.6536,-5.2499,0.2719,0.6655,0.1409,-3.8814,-11.4996,23.7028,-16.684,10.3474,3.2865,4.4729,5.4651,-0.5992,4.7839,7.797,2.4834,8.6531,3.2438,-14.5106,-17.3994,-17.9172,0.4351,-11.1592,12.3275,-11.6697,19.8538,-8.6276,-10.0778,6.6387,8.3419,4.2645,2.4797,6.951,1.0655,2.1586,1.2658,-2.235,0.5766
2019-12-31,8.9064,13.6583,40.8163,0.5438,-3.5433,8.3186,0.0781,-9.8736,21.3978,4.8534,4.2448,-3.1204,-3.9672,3.958,9.9944,14.6187,-1.733,-0.9774,7.5875,15.8125,-7.6612,-14.2893,-20.2566,0.5868,1.6409,39.1852,-2.9621,-13.3764,0.0928,-12.5505,4.5992,16.1671,5.716,2.0736,5.6203,2.067,5.3529,0.3064,0.2176,1.7563
2020-03-31,0.5137,14.5563,38.7387,1.8931,-7.5243,23.4543,-3.3605,-7.3734,18.8414,4.6969,-8.4611,-7.1669,-19.6532,1.8731,-7.6293,-12.0631,-0.0151,-4.0847,-2.0695,10.8787,-10.5635,-13.1153,-32.6995,-5.3814,-12.7701,65.1598,-8.9066,-21.4101,-9.6308,-12.2015,4.5681,-1.0697,7.7383,8.6318,10.3854,2.5849,5.484,8.1157,-0.4287,-6.545
2020-06-30,10.9201,12.8007,49.9031,-6.25,-9.4876,19.5274,-5.4173,-11.6957,13.9942,-49.2164,-1.719,-17.5178,-23.6752,-12.236,8.7279,5.0798,-9.4367,-19.0143,-29.9429,3.5187,-52.1758,-56.1545,-65.4344,-35.228,-58.9632,-33.7557,-64.0653,-63.6285,-60.8109,-46.1046,3.5334,-28.4785,-3.064,5.649,7.2712,-2.4909,0.8019,0.3918,20.6959,-42.7034
2020-09-30,1.0275,12.4005,56.8016,1.6164,-9.3472,-4.4659,-2.596,1.2198,13.7917,73.3693,-14.4871,-23.9802,-22.824,-22.9299,-1.1351,-6.6317,-10.8637,-14.6537,-22.4591,18.3369,-28.3766,-31.0015,-43.4502,-38.4381,-36.8317,-29.8856,-41.9832,-36.8177,-41.4762,-46.3964,8.5403,-8.9934,5.2537,5.248,12.39,4.878,5.7281,0.9267,9.0319,-23.0388
2020-12-31,21.3681,16.7181,61.1272,1.9347,-0.3748,-1.1431,-27.9882,21.6716,14.4385,62.2021,-10.4081,-21.4778,-18.8456,-23.5216,-3.678,4.4483,-9.8939,-15.6183,-19.9326,12.5974,-27.4276,-28.1454,-28.7623,-32.7662,-31.7203,-37.236,-40.4426,-35.8326,-43.6601,-37.6421,8.2511,-5.0397,8.7936,7.3466,16.6523,5.5692,7.6961,5.5204,6.7544,-23.0686
2021-03-31,53.6261,19.0885,83.7987,2.9502,6.843,-0.7817,-24.9502,28.8375,26.3345,52.1281,1.9389,-10.159,-6.4452,-17.7534,58.2594,35.2339,-13.8383,-13.3333,-14.5112,18.5445,4.3857,4.6154,59.5648,-29.9396,12.7707,-19.9607,-5.8637,2.2834,3.5875,-31.487,5.1993,4.8715,6.7646,2.7395,14.5808,7.9171,6.0288,-5.3104,8.1262,-13.6809
2021-06-30,36.4396,21.3473,68.3135,7.5383,7.9974,-0.4917,-21.5472,41.4017,22.6023,64.7251,-9.9111,-5.8206,4.731,-15.1966,8.5343,4.7718,-4.5339,8.6966,28.5749,32.1272,104.3034,126.7801,247.6173,5.1904,132.8664,103.4836,166.8847,142.8454,147.4297,15.9887,7.0516,41.6643,20.5205,2.4001,21.4968,12.3668,9.3149,2.3851,-9.9423,81.9971
2021-09-30,28.8448,21.9707,50.2962,3.854,8.1398,4.6855,-24.5387,21.64,22.0155,11.862,0.3393,10.6716,-4.7667,-3.5631,20.0491,22.3741,-2.9117,18.8464,22.1063,15.5871,58.2653,77.3222,158.2307,11.202,91.2558,65.3359,86.7291,85.6675,89.8613,29.7479,5.28,16.0656,11.5969,4.3182,17.4063,7.7569,6.2846,6.9827,4.0307,39.7301
2021-12-31,11.2223,20.0854,52.7683,5.7143,6.3545,2.753,6.4533,18.5476,20.035,29.9939,0.1567,8.9032,10.318,-0.1941,4.1341,6.263,-2.3221,20.1835,27.6768,14.0241,77.7625,84.6033,175.3597,12.5271,95.5937,90.2163,116.231,96.617,98.6958,32.1285,6.118,9.9059,12.4382,0.5208,16.5594,4.9329,1.827,2.6675,6.4542,41.1907
2022-03-31,8.5886,18.3523,46.4052,4.2439,0.2499,-6.7097,7.6591,14.3623,9.1421,40.6931,-3.8843,2.2107,-5.4729,-1.0555,-25.7211,-5.537,1.6078,10.2641,27.9015,6.844,52.443,68.3421,80.7653,14.149,60.5648,57.7366,85.2446,67.5752,67.2863,24.1379,7.0241,16.3082,9.3117,2.3563,15.9374,7.2672,1.2661,7.4215,0.3916,42.9406
2022-06-30,1.8727,12.3787,3.0275,5.4601,-0.1828,-21.9551,9.2629,13.7991,14.3677,35.6824,7.5427,11.4898,-13.0653,18.0667,-10.2827,-4.2632,6.199,11.6775,30.9418,-6.0996,68.7291,81.0006,121.442,20.2165,52.0824,79.1876,86.1071,81.6478,79.9015,36.8762,3.0033,11.8077,5.2454,8.3737,16.1649,9.5152,5.2582,7.2215,8.1263,17.4777
2022-09-30,8.1406,10.6031,-16.5001,17.6501,5.6744,-20.0813,6.4599,12.8796,12.6557,22.0651,31.4427,26.4495,11.1493,33.2784,21.9049,10.2121,17.9449,16.7419,27.7437,-14.6337,48.1556,49.248,85.5289,27.8775,36.6566,38.2509,50.5894,41.6633,48.646,38.7824,1.3472,10.1673,8.8266,8.7444,15.0235,8.0897,0.9289,0.8583,3.9142,16.2263
2022-12-30,-5.479,1.9699,-20.8295,18.4846,6.8553,-31.5959,-0.018,-3.3526,10.0973,-11.6021,54.5526,50.5172,12.3371,60.0126,51.0755,32.4397,36.1352,37.1756,23.6874,-15.0607,14.5858,18.8875,22.7381,26.5542,7.8074,3.8671,16.2744,12.6698,23.5401,30.512,-0.8591,6.9844,10.884,7.3114,8.0893,13.5414,5.1329,-0.0201,3.9152,13.9321
2023-03-31,-2.5103,7.0847,-13.2239,17.9302,13.5255,-36.1685,0.3874,-10.7238,9.221,-16.9205,68.9558,64.8269,43.1346,74.6669,77.2664,51.2373,62.8999,59.8709,30.3417,-9.7042,-4.6618,-6.6368,-16.6141,29.7551,-15.5199,-13.4627,-5.4564,-8.3925,-4.9283,32.5163,3.5447,4.6611,10.1605,7.5808,6.4773,18.0577,8.4337,1.9627,12.9625,11.6763
2023-06-30,-1.4007,8.337,101.4767,16.8666,16.0357,-15.482,-0.3862,-13.066,9.8039,-22.7231,78.6931,72.0647,53.2775,63.8474,73.8669,62.4602,60.8662,44.538,20.8906,-1.392,-27.3851,-27.7734,-41.6332,19.5777,-17.0698,-37.2237,-33.1752,-32.4417,-27.7642,14.2688,5.319,5.713,10.3684,5.7393,2.0002,16.9508,7.5379,1.4023,2.8377,4.0668
2023-09-29,-0.7188,12.7589,205.5134,8.8073,7.5998,-7.6933,4.5722,-13.528,10.309,-24.2629,51.2019,46.2942,35.8938,59.0937,54.3502,48.4044,46.1442,29.1976,19.6976,4.8945,-16.8451,-18.2434,-32.1848,11.1408,-9.2557,-23.77,-13.6096,-10.6362,-11.8163,8.3442,6.1081,8.0448,6.7453,5.2293,9.4991,16.3081,10.3255,1.5634,3.966,2.5808
2023-12-29,2.0665,17.5801,265.2785,5.4257,-5.8932,9.7137,4.14,-12.6981,11.558,4.9878,30.5807,24.9556,25.2193,31.3724,35.9914,27.4387,29.5123,17.6962,15.3676,6.7789,-12.3181,-10.2526,-20.6326,14.1153,-3.0627,-12.7388,-15.1679,-8.9368,-4.9877,2.8126,3.2157,7.1506,-0.5215,5.6935,6.1759,7.119,6.9345,0.1209,-1.5573,3.7323
2024-03-28,-4.3053,17.029,262.1246,7.1141,-12.8268,8.6129,1.4735,-16.3964,11.3212,1.2291,21.3169,21.379,17.6717,16.872,26.709,14.0141,10.4846,9.1702,13.3193,11.4306,-3.8652,-4.6313,-6.5019,12.5517,8.0168,-17.301,-12.8434,-6.1898,4.1139,2.2371,0.6328,2.9144,2.2638,6.0453,5.7468,1.3528,6.1845,-16.7276,-0.5209,2.6692
2024-06-28,4.8657,15.1951,122.4032,3.2522,-10.2677,-0.8958,1.9063,-15.6478,10.2367,11.1466,24.1859,13.9746,12.234,11.6544,18.743,12.7091,5.3453,12.2946,10.0036,7.663,11.3757,4.9941,10.2745,12.8411,12.4748,1.7159,-0.0551,4.3227,8.6606,0.6037,-0.1022,3.266,0.8019,4.7658,9.0721,-1.9278,4.8942,-17.5886,-6.2843,4.1959
2024-09-30,6.0694,16.0447,93.6093,6.8578,-5.6381,-6.1732,1.4642,-8.4069,10.593,18.6884,12.9019,11.99,6.1283,5.2372,10.5058,11.2638,2.529,10.3018,9.3137,14.927,-0.8784,-5.7702,-8.4842,10.2166,-3.2971,0.2096,-14.3943,-14.1995,-10.3801,-1.8436,-0.6127,-0.8282,-0.5714,5.4626,0.9602,1.9382,2.4008,-19.2518,-1.154,4.4013
2024-12-31,3.9515,12.2735,77.9442,8.6392,9.3816,-7.4387,0.9838,-1.7169,11.0539,17.4534,8.201,10.1989,0.167,2.2503,10.5927,8.4008,2.7063,0.922,8.2887,22.5869,-0.7712,-1.2241,-3.3471,3.2703,-6.3354,-5.7446,-13.153,-8.6002,-11.9807,-2.2478,2.0568,6.4061,-0.237,4.1329,7.5295,3.1136,-0.1212,-17.4245,1.9594,4.4746
