pair_id,stock_a,stock_b,group_id,source,active_from,active_to
GIS__SYY,GIS,SYY,20150331_0_0,track_b,2015-04-01,2015-06-30
MDLZ__MS,MDLZ,MS,20150331_1_0,track_b,2015-04-01,2015-06-30
MDLZ__NVDA,MDLZ,NVDA,20150331_1_0,track_b,2015-04-01,2015-06-30
MS__NVDA,MS,NVDA,20150331_1_0,track_b,2015-04-01,2015-06-30
EOG__HAL,EOG,HAL,20150331_1_1,track_b,2015-04-01,2015-06-30
COST__GS,COST,GS,20150331_2_0,track_b,2015-04-01,2015-06-30
COST__IBM,COST,IBM,20150331_2_0,track_b,2015-04-01,2015-06-30
GS__IBM,GS,IBM,20150331_2_0,track_b,2015-04-01,2015-06-30
CSCO__INTC,CSCO,INTC,20150331_3_0,track_b,2015-04-01,2015-06-30
C__JPM,C,JPM,20150331_3_1,track_b,2015-04-01,2015-06-30
ORCL__WFC,ORCL,WFC,20150331_3_2,track_b,2015-04-01,2015-06-30
BAC__MSFT,BAC,MSFT,20150331_3_3,track_b,2015-04-01,2015-06-30
AAPL__WMT,AAPL,WMT,20150331_3_4,track_b,2015-04-01,2015-06-30
CL__KMB,CL,KMB,20150331_5_0,track_b,2015-04-01,2015-06-30
COP__MPC,COP,MPC,20150331_7_0,track_b,2015-04-01,2015-06-30
COP__PSX,COP,PSX,20150331_7_0,track_b,2015-04-01,2015-06-30
COP__VLO,COP,VLO,20150331_7_0,track_b,2015-04-01,2015-06-30
MPC__PSX,MPC,PSX,20150331_7_0,track_b,2015-04-01,2015-06-30
MPC__VLO,MPC,VLO,20150331_7_0,track_b,2015-04-01,2015-06-30
PSX__VLO,PSX,VLO,20150331_7_0,track_b,2015-04-01,2015-06-30
KO__USB,KO,USB,20150331_8_0,track_b,2015-04-01,2015-06-30
PEP__PG,PEP,PG,20150331_8_1,track_b,2015-04-01,2015-06-30
AXP__PNC,AXP,PNC,20150331_8_2,track_b,2015-04-01,2015-06-30
QCOM__TXN,QCOM,TXN,20150331_8_3,track_b,2015-04-01,2015-06-30
CVX__SLB,CVX,SLB,20150331_10_0,track_b,2015-04-01,2015-06-30
CVX__XOM,CVX,XOM,20150331_10_0,track_b,2015-04-01,2015-06-30
SLB__XOM,SLB,XOM,20150331_10_0,track_b,2015-04-01,2015-06-30
AXP__PG,AXP,PG,20150630_1_0,track_b,2015-07-01,2015-09-30
PEP__PNC,PEP,PNC,20150630_1_1,track_b,2015-07-01,2015-09-30
GIS__QCOM,GIS,QCOM,20150630_1_2,track_b,2015-07-01,2015-09-30
MPC__PSX,MPC,PSX,20150630_2_0,track_b,2015-07-01,2015-09-30
MPC__SYY,MPC,SYY,20150630_2_0,track_b,2015-07-01,2015-09-30
MPC__VLO,MPC,VLO,20150630_2_0,track_b,2015-07-01,2015-09-30
PSX__SYY,PSX,SYY,20150630_2_0,track_b,2015-07-01,2015-09-30
PSX__VLO,PSX,VLO,20150630_2_0,track_b,2015-07-01,2015-09-30
SYY__VLO,SYY,VLO,20150630_2_0,track_b,2015-07-01,2015-09-30
MS__USB,MS,USB,20150630_4_0,track_b,2015-07-01,2015-09-30
MDLZ__NVDA,MDLZ,NVDA,20150630_4_1,track_b,2015-07-01,2015-09-30
MDLZ__TXN,MDLZ,TXN,20150630_4_1,track_b,2015-07-01,2015-09-30
NVDA__TXN,NVDA,TXN,20150630_4_1,track_b,2015-07-01,2015-09-30
MSFT__ORCL,MSFT,ORCL,20150630_5_0,track_b,2015-07-01,2015-09-30
BAC__INTC,BAC,INTC,20150630_5_1,track_b,2015-07-01,2015-09-30
C__JPM,C,JPM,20150630_5_2,track_b,2015-07-01,2015-09-30
CSCO__WFC,CSCO,WFC,20150630_5_3,track_b,2015-07-01,2015-09-30
KO__WMT,KO,WMT,20150630_5_4,track_b,2015-07-01,2015-09-30
COST__GS,COST,GS,20150630_6_0,track_b,2015-07-01,2015-09-30
CVX__XOM,CVX,XOM,20150630_7_0,track_b,2015-07-01,2015-09-30
COP__EOG,COP,EOG,20150630_8_0,track_b,2015-07-01,2015-09-30
COP__OXY,COP,OXY,20150630_8_0,track_b,2015-07-01,2015-09-30
EOG__OXY,EOG,OXY,20150630_8_0,track_b,2015-07-01,2015-09-30
HAL__SLB,HAL,SLB,20150630_8_1,track_b,2015-07-01,2015-09-30
INTC__ORCL,INTC,ORCL,20150930_0_0,track_b,2015-10-01,2015-12-31
MSFT__WFC,MSFT,WFC,20150930_0_1,track_b,2015-10-01,2015-12-31
BAC__CSCO,BAC,CSCO,20150930_0_2,track_b,2015-10-01,2015-12-31
JPM__KO,JPM,KO,20150930_0_3,track_b,2015-10-01,2015-12-31
AAPL__WMT,AAPL,WMT,20150930_0_4,track_b,2015-10-01,2015-12-31
ADBE__PEP,ADBE,PEP,20150930_1_0,track_b,2015-10-01,2015-12-31
ADBE__PNC,ADBE,PNC,20150930_1_0,track_b,2015-10-01,2015-12-31
PEP__PNC,PEP,PNC,20150930_1_0,track_b,2015-10-01,2015-12-31
COST__GS,COST,GS,20150930_2_0,track_b,2015-10-01,2015-12-31
C__TXN,C,TXN,20150930_3_0,track_b,2015-10-01,2015-12-31
MDLZ__MS,MDLZ,MS,20150930_3_1,track_b,2015-10-01,2015-12-31
MDLZ__NVDA,MDLZ,NVDA,20150930_3_1,track_b,2015-10-01,2015-12-31
MS__NVDA,MS,NVDA,20150930_3_1,track_b,2015-10-01,2015-12-31
AXP__USB,AXP,USB,20150930_3_2,track_b,2015-10-01,2015-12-31
COP__EOG,COP,EOG,20150930_4_0,track_b,2015-10-01,2015-12-31
COP__HAL,COP,HAL,20150930_4_0,track_b,2015-10-01,2015-12-31
EOG__HAL,EOG,HAL,20150930_4_0,track_b,2015-10-01,2015-12-31
QCOM__SLB,QCOM,SLB,20150930_5_0,track_b,2015-10-01,2015-12-31
CVX__OXY,CVX,OXY,20150930_5_1,track_b,2015-10-01,2015-12-31
PG__XOM,PG,XOM,20150930_5_2,track_b,2015-10-01,2015-12-31
CL__GIS,CL,GIS,20150930_8_0,track_b,2015-10-01,2015-12-31
CL__SYY,CL,SYY,20150930_8_0,track_b,2015-10-01,2015-12-31
GIS__SYY,GIS,SYY,20150930_8_0,track_b,2015-10-01,2015-12-31
MPC__PSX,MPC,PSX,20150930_9_0,track_b,2015-10-01,2015-12-31
MPC__VLO,MPC,VLO,20150930_9_0,track_b,2015-10-01,2015-12-31
PSX__VLO,PSX,VLO,20150930_9_0,track_b,2015-10-01,2015-12-31
C__USB,C,USB,20151231_1_0,track_b,2016-01-04,2016-03-31
MDLZ__TXN,MDLZ,TXN,20151231_1_1,track_b,2016-01-04,2016-03-31
MS__NVDA,MS,NVDA,20151231_1_2,track_b,2016-01-04,2016-03-31
CVX__SLB,CVX,SLB,20151231_2_0,track_b,2016-01-04,2016-03-31
CVX__XOM,CVX,XOM,20151231_2_0,track_b,2016-01-04,2016-03-31
SLB__XOM,SLB,XOM,20151231_2_0,track_b,2016-01-04,2016-03-31
COST__GS,COST,GS,20151231_3_0,track_b,2016-01-04,2016-03-31
PEP__PNC,PEP,PNC,20151231_4_0,track_b,2016-01-04,2016-03-31
CSCO__INTC,CSCO,INTC,20151231_5_0,track_b,2016-01-04,2016-03-31
MSFT__WFC,MSFT,WFC,20151231_5_1,track_b,2016-01-04,2016-03-31
BAC__ORCL,BAC,ORCL,20151231_5_2,track_b,2016-01-04,2016-03-31
JPM__KO,JPM,KO,20151231_5_3,track_b,2016-01-04,2016-03-31
AAPL__WMT,AAPL,WMT,20151231_5_4,track_b,2016-01-04,2016-03-31
CL__GIS,CL,GIS,20151231_6_0,track_b,2016-01-04,2016-03-31
CL__SYY,CL,SYY,20151231_6_0,track_b,2016-01-04,2016-03-31
GIS__SYY,GIS,SYY,20151231_6_0,track_b,2016-01-04,2016-03-31
MPC__PSX,MPC,PSX,20151231_7_0,track_b,2016-01-04,2016-03-31
MPC__VLO,MPC,VLO,20151231_7_0,track_b,2016-01-04,2016-03-31
PSX__VLO,PSX,VLO,20151231_7_0,track_b,2016-01-04,2016-03-31
HAL__QCOM,HAL,QCOM,20151231_8_0,track_b,2016-01-04,2016-03-31
COP__EOG,COP,EOG,20151231_8_1,track_b,2016-01-04,2016-03-31
COP__OXY,COP,OXY,20151231_8_1,track_b,2016-01-04,2016-03-31
EOG__OXY,EOG,OXY,20151231_8_1,track_b,2016-01-04,2016-03-31
AXP__PG,AXP,PG,20151231_10_0,track_b,2016-01-04,2016-03-31
AXP__PG,AXP,PG,20160331_0_0,track_b,2016-04-01,2016-06-30
AXP__TXN,AXP,TXN,20160331_0_0,track_b,2016-04-01,2016-06-30
PG__TXN,PG,TXN,20160331_0_0,track_b,2016-04-01,2016-06-30
JPM__USB,JPM,USB,20160331_0_1,track_b,2016-04-01,2016-06-30
PNC__XOM,PNC,XOM,20160331_0_2,track_b,2016-04-01,2016-06-30
COST__GS,COST,GS,20160331_1_0,track_b,2016-04-01,2016-06-30
COST__IBM,COST,IBM,20160331_1_0,track_b,2016-04-01,2016-06-30
GS__IBM,GS,IBM,20160331_1_0,track_b,2016-04-01,2016-06-30
COP__EOG,COP,EOG,20160331_4_0,track_b,2016-04-01,2016-06-30
COP__HAL,COP,HAL,20160331_4_0,track_b,2016-04-01,2016-06-30
COP__MPC,COP,MPC,20160331_4_0,track_b,2016-04-01,2016-06-30
EOG__HAL,EOG,HAL,20160331_4_0,track_b,2016-04-01,2016-06-30
EOG__MPC,EOG,MPC,20160331_4_0,track_b,2016-04-01,2016-06-30
HAL__MPC,HAL,MPC,20160331_4_0,track_b,2016-04-01,2016-06-30
ADBE__PEP,ADBE,PEP,20160331_5_0,track_b,2016-04-01,2016-06-30
CL__GIS,CL,GIS,20160331_5_1,track_b,2016-04-01,2016-06-30
CL__SYY,CL,SYY,20160331_5_1,track_b,2016-04-01,2016-06-30
GIS__SYY,GIS,SYY,20160331_5_1,track_b,2016-04-01,2016-06-30
CVX__OXY,CVX,OXY,20160331_6_0,track_b,2016-04-01,2016-06-30
CVX__PSX,CVX,PSX,20160331_6_0,track_b,2016-04-01,2016-06-30
CVX__VLO,CVX,VLO,20160331_6_0,track_b,2016-04-01,2016-06-30
OXY__PSX,OXY,PSX,20160331_6_0,track_b,2016-04-01,2016-06-30
OXY__VLO,OXY,VLO,20160331_6_0,track_b,2016-04-01,2016-06-30
PSX__VLO,PSX,VLO,20160331_6_0,track_b,2016-04-01,2016-06-30
CSCO__WMT,CSCO,WMT,20160331_7_0,track_b,2016-04-01,2016-06-30
INTC__ORCL,INTC,ORCL,20160331_7_1,track_b,2016-04-01,2016-06-30
KO__WFC,KO,WFC,20160331_7_2,track_b,2016-04-01,2016-06-30
AAPL__MSFT,AAPL,MSFT,20160331_7_3,track_b,2016-04-01,2016-06-30
QCOM__SLB,QCOM,SLB,20160331_8_0,track_b,2016-04-01,2016-06-30
C__MDLZ,C,MDLZ,20160331_8_1,track_b,2016-04-01,2016-06-30
C__MS,C,MS,20160331_8_1,track_b,2016-04-01,2016-06-30
MDLZ__MS,MDLZ,MS,20160331_8_1,track_b,2016-04-01,2016-06-30
BAC__NVDA,BAC,NVDA,20160331_9_0,track_b,2016-04-01,2016-06-30
AXP__GIS,AXP,GIS,20160630_0_0,track_b,2016-07-01,2016-09-30
AXP__SYY,AXP,SYY,20160630_0_0,track_b,2016-07-01,2016-09-30
GIS__SYY,GIS,SYY,20160630_0_0,track_b,2016-07-01,2016-09-30
CL__KMB,CL,KMB,20160630_1_0,track_b,2016-07-01,2016-09-30
TXN__USB,TXN,USB,20160630_2_0,track_b,2016-07-01,2016-09-30
MDLZ__QCOM,MDLZ,QCOM,20160630_2_1,track_b,2016-07-01,2016-09-30
ADBE__NVDA,ADBE,NVDA,20160630_2_2,track_b,2016-07-01,2016-09-30
CVX__GS,CVX,GS,20160630_3_0,track_b,2016-07-01,2016-09-30
COST__PEP,COST,PEP,20160630_3_1,track_b,2016-07-01,2016-09-30
PG__XOM,PG,XOM,20160630_3_2,track_b,2016-07-01,2016-09-30
IBM__PNC,IBM,PNC,20160630_3_3,track_b,2016-07-01,2016-09-30
BAC__C,BAC,C,20160630_5_0,track_b,2016-07-01,2016-09-30
BAC__HAL,BAC,HAL,20160630_5_0,track_b,2016-07-01,2016-09-30
BAC__MS,BAC,MS,20160630_5_0,track_b,2016-07-01,2016-09-30
C__HAL,C,HAL,20160630_5_0,track_b,2016-07-01,2016-09-30
C__MS,C,MS,20160630_5_0,track_b,2016-07-01,2016-09-30
HAL__MS,HAL,MS,20160630_5_0,track_b,2016-07-01,2016-09-30
MPC__PSX,MPC,PSX,20160630_6_0,track_b,2016-07-01,2016-09-30
MPC__VLO,MPC,VLO,20160630_6_0,track_b,2016-07-01,2016-09-30
PSX__VLO,PSX,VLO,20160630_6_0,track_b,2016-07-01,2016-09-30
CSCO__INTC,CSCO,INTC,20160630_7_0,track_b,2016-07-01,2016-09-30
AAPL__MSFT,AAPL,MSFT,20160630_7_1,track_b,2016-07-01,2016-09-30
AAPL__ORCL,AAPL,ORCL,20160630_7_1,track_b,2016-07-01,2016-09-30
MSFT__ORCL,MSFT,ORCL,20160630_7_1,track_b,2016-07-01,2016-09-30
JPM__KO,JPM,KO,20160630_7_2,track_b,2016-07-01,2016-09-30
WFC__WMT,WFC,WMT,20160630_7_3,track_b,2016-07-01,2016-09-30
EOG__OXY,EOG,OXY,20160630_9_0,track_b,2016-07-01,2016-09-30
EOG__SLB,EOG,SLB,20160630_9_0,track_b,2016-07-01,2016-09-30
OXY__SLB,OXY,SLB,20160630_9_0,track_b,2016-07-01,2016-09-30
COST__CVX,COST,CVX,20160930_1_0,track_b,2016-10-03,2016-12-30
COST__GS,COST,GS,20160930_1_0,track_b,2016-10-03,2016-12-30
COST__IBM,COST,IBM,20160930_1_0,track_b,2016-10-03,2016-12-30
CVX__GS,CVX,GS,20160930_1_0,track_b,2016-10-03,2016-12-30
CVX__IBM,CVX,IBM,20160930_1_0,track_b,2016-10-03,2016-12-30
GS__IBM,GS,IBM,20160930_1_0,track_b,2016-10-03,2016-12-30
QCOM__SLB,QCOM,SLB,20160930_2_0,track_b,2016-10-03,2016-12-30
QCOM__TXN,QCOM,TXN,20160930_2_0,track_b,2016-10-03,2016-12-30
SLB__TXN,SLB,TXN,20160930_2_0,track_b,2016-10-03,2016-12-30
PEP__PG,PEP,PG,20160930_2_1,track_b,2016-10-03,2016-12-30
MDLZ__PNC,MDLZ,PNC,20160930_2_2,track_b,2016-10-03,2016-12-30
AAPL__INTC,AAPL,INTC,20160930_3_0,track_b,2016-10-03,2016-12-30
AAPL__ORCL,AAPL,ORCL,20160930_3_0,track_b,2016-10-03,2016-12-30
INTC__ORCL,INTC,ORCL,20160930_3_0,track_b,2016-10-03,2016-12-30
C__MS,C,MS,20160930_3_1,track_b,2016-10-03,2016-12-30
KO__USB,KO,USB,20160930_3_2,track_b,2016-10-03,2016-12-30
JPM__WFC,JPM,WFC,20160930_3_3,track_b,2016-10-03,2016-12-30
CSCO__MSFT,CSCO,MSFT,20160930_3_4,track_b,2016-10-03,2016-12-30
BAC__WMT,BAC,WMT,20160930_3_5,track_b,2016-10-03,2016-12-30
MPC__OXY,MPC,OXY,20160930_4_0,track_b,2016-10-03,2016-12-30
MPC__PSX,MPC,PSX,20160930_4_0,track_b,2016-10-03,2016-12-30
MPC__VLO,MPC,VLO,20160930_4_0,track_b,2016-10-03,2016-12-30
OXY__PSX,OXY,PSX,20160930_4_0,track_b,2016-10-03,2016-12-30
OXY__VLO,OXY,VLO,20160930_4_0,track_b,2016-10-03,2016-12-30
PSX__VLO,PSX,VLO,20160930_4_0,track_b,2016-10-03,2016-12-30
GIS__SYY,GIS,SYY,20160930_5_0,track_b,2016-10-03,2016-12-30
CL__KMB,CL,KMB,20160930_6_0,track_b,2016-10-03,2016-12-30
COP__HAL,COP,HAL,20160930_9_0,track_b,2016-10-03,2016-12-30
AXP__XOM,AXP,XOM,20160930_11_0,track_b,2016-10-03,2016-12-30
COST__GS,COST,GS,20161230_0_0,track_b,2017-01-03,2017-03-31
COST__IBM,COST,IBM,20161230_0_0,track_b,2017-01-03,2017-03-31
GS__IBM,GS,IBM,20161230_0_0,track_b,2017-01-03,2017-03-31
CSCO__INTC,CSCO,INTC,20161230_1_0,track_b,2017-01-03,2017-03-31
C__KO,C,KO,20161230_1_1,track_b,2017-01-03,2017-03-31
ORCL__WFC,ORCL,WFC,20161230_1_2,track_b,2017-01-03,2017-03-31
BAC__MSFT,BAC,MSFT,20161230_1_3,track_b,2017-01-03,2017-03-31
AAPL__WMT,AAPL,WMT,20161230_1_4,track_b,2017-01-03,2017-03-31
MDLZ__MS,MDLZ,MS,20161230_2_0,track_b,2017-01-03,2017-03-31
TXN__USB,TXN,USB,20161230_2_1,track_b,2017-01-03,2017-03-31
PNC__QCOM,PNC,QCOM,20161230_2_2,track_b,2017-01-03,2017-03-31
COP__HAL,COP,HAL,20161230_6_0,track_b,2017-01-03,2017-03-31
COP__OXY,COP,OXY,20161230_6_0,track_b,2017-01-03,2017-03-31
HAL__OXY,HAL,OXY,20161230_6_0,track_b,2017-01-03,2017-03-31
MPC__PSX,MPC,PSX,20161230_8_0,track_b,2017-01-03,2017-03-31
MPC__SYY,MPC,SYY,20161230_8_0,track_b,2017-01-03,2017-03-31
MPC__VLO,MPC,VLO,20161230_8_0,track_b,2017-01-03,2017-03-31
PSX__SYY,PSX,SYY,20161230_8_0,track_b,2017-01-03,2017-03-31
PSX__VLO,PSX,VLO,20161230_8_0,track_b,2017-01-03,2017-03-31
SYY__VLO,SYY,VLO,20161230_8_0,track_b,2017-01-03,2017-03-31
PG__XOM,PG,XOM,20161230_9_0,track_b,2017-01-03,2017-03-31
CVX__PEP,CVX,PEP,20161230_9_1,track_b,2017-01-03,2017-03-31
JPM__SLB,JPM,SLB,20161230_9_2,track_b,2017-01-03,2017-03-31
ADBE__EOG,ADBE,EOG,20161230_10_0,track_b,2017-01-03,2017-03-31
AXP__GIS,AXP,GIS,20161230_11_0,track_b,2017-01-03,2017-03-31
AXP__GIS,AXP,GIS,20170331_0_0,track_b,2017-04-03,2017-06-30
AXP__XOM,AXP,XOM,20170331_0_0,track_b,2017-04-03,2017-06-30
GIS__XOM,GIS,XOM,20170331_0_0,track_b,2017-04-03,2017-06-30
MS__QCOM,MS,QCOM,20170331_1_0,track_b,2017-04-03,2017-06-30
PSX__VLO,PSX,VLO,20170331_1_1,track_b,2017-04-03,2017-06-30
CL__MDLZ,CL,MDLZ,20170331_1_2,track_b,2017-04-03,2017-06-30
CL__SYY,CL,SYY,20170331_1_2,track_b,2017-04-03,2017-06-30
MDLZ__SYY,MDLZ,SYY,20170331_1_2,track_b,2017-04-03,2017-06-30
COST__PEP,COST,PEP,20170331_2_0,track_b,2017-04-03,2017-06-30
CVX__GS,CVX,GS,20170331_2_1,track_b,2017-04-03,2017-06-30
CVX__IBM,CVX,IBM,20170331_2_1,track_b,2017-04-03,2017-06-30
GS__IBM,GS,IBM,20170331_2_1,track_b,2017-04-03,2017-06-30
INTC__WFC,INTC,WFC,20170331_4_0,track_b,2017-04-03,2017-06-30
CSCO__ORCL,CSCO,ORCL,20170331_4_1,track_b,2017-04-03,2017-06-30
C__KO,C,KO,20170331_4_2,track_b,2017-04-03,2017-06-30
JPM__PG,JPM,PG,20170331_4_3,track_b,2017-04-03,2017-06-30
SLB__USB,SLB,USB,20170331_4_4,track_b,2017-04-03,2017-06-30
AAPL__MSFT,AAPL,MSFT,20170331_4_5,track_b,2017-04-03,2017-06-30
BAC__WMT,BAC,WMT,20170331_4_6,track_b,2017-04-03,2017-06-30
COP__HAL,COP,HAL,20170331_6_0,track_b,2017-04-03,2017-06-30
COP__MPC,COP,MPC,20170331_6_0,track_b,2017-04-03,2017-06-30
COP__OXY,COP,OXY,20170331_6_0,track_b,2017-04-03,2017-06-30
HAL__MPC,HAL,MPC,20170331_6_0,track_b,2017-04-03,2017-06-30
HAL__OXY,HAL,OXY,20170331_6_0,track_b,2017-04-03,2017-06-30
MPC__OXY,MPC,OXY,20170331_6_0,track_b,2017-04-03,2017-06-30
ADBE__PNC,ADBE,PNC,20170331_7_0,track_b,2017-04-03,2017-06-30
ADBE__TXN,ADBE,TXN,20170331_7_0,track_b,2017-04-03,2017-06-30
PNC__TXN,PNC,TXN,20170331_7_0,track_b,2017-04-03,2017-06-30
COP__EOG,COP,EOG,20170630_0_0,track_b,2017-07-03,2017-09-29
COP__HAL,COP,HAL,20170630_0_0,track_b,2017-07-03,2017-09-29
COP__OXY,COP,OXY,20170630_0_0,track_b,2017-07-03,2017-09-29
EOG__HAL,EOG,HAL,20170630_0_0,track_b,2017-07-03,2017-09-29
EOG__OXY,EOG,OXY,20170630_0_0,track_b,2017-07-03,2017-09-29
HAL__OXY,HAL,OXY,20170630_0_0,track_b,2017-07-03,2017-09-29
AXP__CVX,AXP,CVX,20170630_1_0,track_b,2017-07-03,2017-09-29
AXP__PNC,AXP,PNC,20170630_1_0,track_b,2017-07-03,2017-09-29
AXP__TXN,AXP,TXN,20170630_1_0,track_b,2017-07-03,2017-09-29
CVX__PNC,CVX,PNC,20170630_1_0,track_b,2017-07-03,2017-09-29
CVX__TXN,CVX,TXN,20170630_1_0,track_b,2017-07-03,2017-09-29
PNC__TXN,PNC,TXN,20170630_1_0,track_b,2017-07-03,2017-09-29
MDLZ__QCOM,MDLZ,QCOM,20170630_4_0,track_b,2017-07-03,2017-09-29
MS__SLB,MS,SLB,20170630_4_1,track_b,2017-07-03,2017-09-29
MS__USB,MS,USB,20170630_4_1,track_b,2017-07-03,2017-09-29
SLB__USB,SLB,USB,20170630_4_1,track_b,2017-07-03,2017-09-29
COST__GS,COST,GS,20170630_6_0,track_b,2017-07-03,2017-09-29
COST__IBM,COST,IBM,20170630_6_0,track_b,2017-07-03,2017-09-29
GS__IBM,GS,IBM,20170630_6_0,track_b,2017-07-03,2017-09-29
PSX__VLO,PSX,VLO,20170630_7_0,track_b,2017-07-03,2017-09-29
GIS__MPC,GIS,MPC,20170630_7_1,track_b,2017-07-03,2017-09-29
GIS__SYY,GIS,SYY,20170630_7_1,track_b,2017-07-03,2017-09-29
MPC__SYY,MPC,SYY,20170630_7_1,track_b,2017-07-03,2017-09-29
CSCO__INTC,CSCO,INTC,20170630_9_0,track_b,2017-07-03,2017-09-29
JPM__WFC,JPM,WFC,20170630_9_1,track_b,2017-07-03,2017-09-29
BAC__ORCL,BAC,ORCL,20170630_9_2,track_b,2017-07-03,2017-09-29
AAPL__MSFT,AAPL,MSFT,20170630_9_3,track_b,2017-07-03,2017-09-29
C__KO,C,KO,20170630_10_0,track_b,2017-07-03,2017-09-29
C__WMT,C,WMT,20170630_10_0,track_b,2017-07-03,2017-09-29
KO__WMT,KO,WMT,20170630_10_0,track_b,2017-07-03,2017-09-29
PEP__PG,PEP,PG,20170630_12_0,track_b,2017-07-03,2017-09-29
PEP__XOM,PEP,XOM,20170630_12_0,track_b,2017-07-03,2017-09-29
PG__XOM,PG,XOM,20170630_12_0,track_b,2017-07-03,2017-09-29
COST__GS,COST,GS,20170929_0_0,track_b,2017-10-02,2017-12-29
INTC__WFC,INTC,WFC,20170929_1_0,track_b,2017-10-02,2017-12-29
CSCO__ORCL,CSCO,ORCL,20170929_1_1,track_b,2017-10-02,2017-12-29
KO__WMT,KO,WMT,20170929_1_2,track_b,2017-10-02,2017-12-29
JPM__MSFT,JPM,MSFT,20170929_1_3,track_b,2017-10-02,2017-12-29
AAPL__BAC,AAPL,BAC,20170929_1_4,track_b,2017-10-02,2017-12-29
EOG__HAL,EOG,HAL,20170929_2_0,track_b,2017-10-02,2017-12-29
EOG__MPC,EOG,MPC,20170929_2_0,track_b,2017-10-02,2017-12-29
HAL__MPC,HAL,MPC,20170929_2_0,track_b,2017-10-02,2017-12-29
CL__KMB,CL,KMB,20170929_3_0,track_b,2017-10-02,2017-12-29
MDLZ__QCOM,MDLZ,QCOM,20170929_4_0,track_b,2017-10-02,2017-12-29
C__USB,C,USB,20170929_4_1,track_b,2017-10-02,2017-12-29
AXP__MS,AXP,MS,20170929_4_2,track_b,2017-10-02,2017-12-29
AXP__SLB,AXP,SLB,20170929_4_2,track_b,2017-10-02,2017-12-29
MS__SLB,MS,SLB,20170929_4_2,track_b,2017-10-02,2017-12-29
PEP__PG,PEP,PG,20170929_7_0,track_b,2017-10-02,2017-12-29
CVX__IBM,CVX,IBM,20170929_7_1,track_b,2017-10-02,2017-12-29
CVX__XOM,CVX,XOM,20170929_7_1,track_b,2017-10-02,2017-12-29
IBM__XOM,IBM,XOM,20170929_7_1,track_b,2017-10-02,2017-12-29
PSX__VLO,PSX,VLO,20170929_8_0,track_b,2017-10-02,2017-12-29
GIS__OXY,GIS,OXY,20170929_8_1,track_b,2017-10-02,2017-12-29
COP__SYY,COP,SYY,20170929_8_2,track_b,2017-10-02,2017-12-29
ADBE__PNC,ADBE,PNC,20170929_9_0,track_b,2017-10-02,2017-12-29
ADBE__TXN,ADBE,TXN,20170929_9_0,track_b,2017-10-02,2017-12-29
PNC__TXN,PNC,TXN,20170929_9_0,track_b,2017-10-02,2017-12-29
IBM__PEP,IBM,PEP,20171229_0_0,track_b,2018-01-02,2018-03-29
IBM__PG,IBM,PG,20171229_0_0,track_b,2018-01-02,2018-03-29
IBM__XOM,IBM,XOM,20171229_0_0,track_b,2018-01-02,2018-03-29
PEP__PG,PEP,PG,20171229_0_0,track_b,2018-01-02,2018-03-29
PEP__XOM,PEP,XOM,20171229_0_0,track_b,2018-01-02,2018-03-29
PG__XOM,PG,XOM,20171229_0_0,track_b,2018-01-02,2018-03-29
BAC__WMT,BAC,WMT,20171229_2_0,track_b,2018-01-02,2018-03-29
CSCO__ORCL,CSCO,ORCL,20171229_2_1,track_b,2018-01-02,2018-03-29
KO__WFC,KO,WFC,20171229_2_2,track_b,2018-01-02,2018-03-29
AAPL__INTC,AAPL,INTC,20171229_2_3,track_b,2018-01-02,2018-03-29
JPM__MSFT,JPM,MSFT,20171229_2_4,track_b,2018-01-02,2018-03-29
MPC__OXY,MPC,OXY,20171229_3_0,track_b,2018-01-02,2018-03-29
PSX__VLO,PSX,VLO,20171229_3_1,track_b,2018-01-02,2018-03-29
GIS__SYY,GIS,SYY,20171229_3_2,track_b,2018-01-02,2018-03-29
CL__KMB,CL,KMB,20171229_4_0,track_b,2018-01-02,2018-03-29
COST__GS,COST,GS,20171229_7_0,track_b,2018-01-02,2018-03-29
COP__HAL,COP,HAL,20171229_8_0,track_b,2018-01-02,2018-03-29
MDLZ__USB,MDLZ,USB,20171229_9_0,track_b,2018-01-02,2018-03-29
C__MS,C,MS,20171229_9_1,track_b,2018-01-02,2018-03-29
AXP__QCOM,AXP,QCOM,20171229_9_2,track_b,2018-01-02,2018-03-29
AXP__SLB,AXP,SLB,20171229_9_2,track_b,2018-01-02,2018-03-29
QCOM__SLB,QCOM,SLB,20171229_9_2,track_b,2018-01-02,2018-03-29
CVX__PNC,CVX,PNC,20171229_10_0,track_b,2018-01-02,2018-03-29
CVX__TXN,CVX,TXN,20171229_10_0,track_b,2018-01-02,2018-03-29
PNC__TXN,PNC,TXN,20171229_10_0,track_b,2018-01-02,2018-03-29
IBM__PEP,IBM,PEP,20180329_0_0,track_b,2018-04-02,2018-06-29
HAL__MS,HAL,MS,20180329_2_0,track_b,2018-04-02,2018-06-29
HAL__SLB,HAL,SLB,20180329_2_0,track_b,2018-04-02,2018-06-29
MS__SLB,MS,SLB,20180329_2_0,track_b,2018-04-02,2018-06-29
COP__OXY,COP,OXY,20180329_2_1,track_b,2018-04-02,2018-06-29
BAC__WMT,BAC,WMT,20180329_4_0,track_b,2018-04-02,2018-06-29
CSCO__ORCL,CSCO,ORCL,20180329_4_1,track_b,2018-04-02,2018-06-29
AAPL__INTC,AAPL,INTC,20180329_4_2,track_b,2018-04-02,2018-06-29
AAPL__MSFT,AAPL,MSFT,20180329_4_2,track_b,2018-04-02,2018-06-29
INTC__MSFT,INTC,MSFT,20180329_4_2,track_b,2018-04-02,2018-06-29
CL__KMB,CL,KMB,20180329_5_0,track_b,2018-04-02,2018-06-29
COST__GS,COST,GS,20180329_6_0,track_b,2018-04-02,2018-06-29
MPC__VLO,MPC,VLO,20180329_8_0,track_b,2018-04-02,2018-06-29
GIS__PSX,GIS,PSX,20180329_8_1,track_b,2018-04-02,2018-06-29
GIS__SYY,GIS,SYY,20180329_8_1,track_b,2018-04-02,2018-06-29
PSX__SYY,PSX,SYY,20180329_8_1,track_b,2018-04-02,2018-06-29
AXP__QCOM,AXP,QCOM,20180329_9_0,track_b,2018-04-02,2018-06-29
PG__XOM,PG,XOM,20180329_9_1,track_b,2018-04-02,2018-06-29
MDLZ__USB,MDLZ,USB,20180329_9_2,track_b,2018-04-02,2018-06-29
C__KO,C,KO,20180329_9_3,track_b,2018-04-02,2018-06-29
C__WFC,C,WFC,20180329_9_3,track_b,2018-04-02,2018-06-29
KO__WFC,KO,WFC,20180329_9_3,track_b,2018-04-02,2018-06-29
EOG__TXN,EOG,TXN,20180329_10_0,track_b,2018-04-02,2018-06-29
CVX__JPM,CVX,JPM,20180329_11_0,track_b,2018-04-02,2018-06-29
CVX__PNC,CVX,PNC,20180329_11_0,track_b,2018-04-02,2018-06-29
JPM__PNC,JPM,PNC,20180329_11_0,track_b,2018-04-02,2018-06-29
MDLZ__USB,MDLZ,USB,20180629_0_0,track_b,2018-07-02,2018-09-28
PG__XOM,PG,XOM,20180629_0_1,track_b,2018-07-02,2018-09-28
IBM__MPC,IBM,MPC,20180629_0_2,track_b,2018-07-02,2018-09-28
IBM__SYY,IBM,SYY,20180629_0_2,track_b,2018-07-02,2018-09-28
MPC__SYY,MPC,SYY,20180629_0_2,track_b,2018-07-02,2018-09-28
AXP__PEP,AXP,PEP,20180629_0_3,track_b,2018-07-02,2018-09-28
GIS__QCOM,GIS,QCOM,20180629_0_4,track_b,2018-07-02,2018-09-28
PNC__VLO,PNC,VLO,20180629_1_0,track_b,2018-07-02,2018-09-28
COST__CVX,COST,CVX,20180629_1_1,track_b,2018-07-02,2018-09-28
GS__PSX,GS,PSX,20180629_1_2,track_b,2018-07-02,2018-09-28
CL__KMB,CL,KMB,20180629_3_0,track_b,2018-07-02,2018-09-28
COP__OXY,COP,OXY,20180629_5_0,track_b,2018-07-02,2018-09-28
COP__SLB,COP,SLB,20180629_5_0,track_b,2018-07-02,2018-09-28
COP__TXN,COP,TXN,20180629_5_0,track_b,2018-07-02,2018-09-28
OXY__SLB,OXY,SLB,20180629_5_0,track_b,2018-07-02,2018-09-28
OXY__TXN,OXY,TXN,20180629_5_0,track_b,2018-07-02,2018-09-28
SLB__TXN,SLB,TXN,20180629_5_0,track_b,2018-07-02,2018-09-28
EOG__MSFT,EOG,MSFT,20180629_6_0,track_b,2018-07-02,2018-09-28
CSCO__ORCL,CSCO,ORCL,20180629_8_0,track_b,2018-07-02,2018-09-28
BAC__WMT,BAC,WMT,20180629_8_1,track_b,2018-07-02,2018-09-28
AAPL__INTC,AAPL,INTC,20180629_8_2,track_b,2018-07-02,2018-09-28
HAL__MS,HAL,MS,20180629_9_0,track_b,2018-07-02,2018-09-28
KO__WFC,KO,WFC,20180629_9_1,track_b,2018-07-02,2018-09-28
C__JPM,C,JPM,20180629_9_2,track_b,2018-07-02,2018-09-28
CL__KMB,CL,KMB,20180928_0_0,track_b,2018-10-01,2018-12-31
USB__XOM,USB,XOM,20180928_1_0,track_b,2018-10-01,2018-12-31
PG__QCOM,PG,QCOM,20180928_1_1,track_b,2018-10-01,2018-12-31
AXP__PEP,AXP,PEP,20180928_1_2,track_b,2018-10-01,2018-12-31
SYY__TXN,SYY,TXN,20180928_1_3,track_b,2018-10-01,2018-12-31
BAC__WMT,BAC,WMT,20180928_3_0,track_b,2018-10-01,2018-12-31
CSCO__ORCL,CSCO,ORCL,20180928_3_1,track_b,2018-10-01,2018-12-31
INTC__KO,INTC,KO,20180928_3_2,track_b,2018-10-01,2018-12-31
JPM__WFC,JPM,WFC,20180928_3_3,track_b,2018-10-01,2018-12-31
HAL__MS,HAL,MS,20180928_5_0,track_b,2018-10-01,2018-12-31
C__SLB,C,SLB,20180928_5_1,track_b,2018-10-01,2018-12-31
COP__MDLZ,COP,MDLZ,20180928_5_2,track_b,2018-10-01,2018-12-31
AAPL__MSFT,AAPL,MSFT,20180928_6_0,track_b,2018-10-01,2018-12-31
AAPL__NVDA,AAPL,NVDA,20180928_6_0,track_b,2018-10-01,2018-12-31
MSFT__NVDA,MSFT,NVDA,20180928_6_0,track_b,2018-10-01,2018-12-31
COST__GS,COST,GS,20180928_7_0,track_b,2018-10-01,2018-12-31
PNC__VLO,PNC,VLO,20180928_8_0,track_b,2018-10-01,2018-12-31
CVX__OXY,CVX,OXY,20180928_8_1,track_b,2018-10-01,2018-12-31
MPC__PSX,MPC,PSX,20180928_8_2,track_b,2018-10-01,2018-12-31
EOG__IBM,EOG,IBM,20180928_8_3,track_b,2018-10-01,2018-12-31
C__MS,C,MS,20181231_0_0,track_b,2019-01-02,2019-03-29
USB__XOM,USB,XOM,20181231_0_1,track_b,2019-01-02,2019-03-29
MDLZ__SLB,MDLZ,SLB,20181231_0_2,track_b,2019-01-02,2019-03-29
MDLZ__WFC,MDLZ,WFC,20181231_0_2,track_b,2019-01-02,2019-03-29
SLB__WFC,SLB,WFC,20181231_0_2,track_b,2019-01-02,2019-03-29
COP__HAL,COP,HAL,20181231_0_3,track_b,2019-01-02,2019-03-29
CL__KMB,CL,KMB,20181231_2_0,track_b,2019-01-02,2019-03-29
INTC__ORCL,INTC,ORCL,20181231_4_0,track_b,2019-01-02,2019-03-29
CSCO__KO,CSCO,KO,20181231_4_1,track_b,2019-01-02,2019-03-29
BAC__WMT,BAC,WMT,20181231_4_2,track_b,2019-01-02,2019-03-29
PSX__VLO,PSX,VLO,20181231_5_0,track_b,2019-01-02,2019-03-29
MPC__OXY,MPC,OXY,20181231_5_1,track_b,2019-01-02,2019-03-29
GS__PNC,GS,PNC,20181231_5_2,track_b,2019-01-02,2019-03-29
GIS__IBM,GIS,IBM,20181231_5_3,track_b,2019-01-02,2019-03-29
GIS__SYY,GIS,SYY,20181231_5_3,track_b,2019-01-02,2019-03-29
IBM__SYY,IBM,SYY,20181231_5_3,track_b,2019-01-02,2019-03-29
EOG__JPM,EOG,JPM,20181231_6_0,track_b,2019-01-02,2019-03-29
PG__TXN,PG,TXN,20181231_6_1,track_b,2019-01-02,2019-03-29
AXP__QCOM,AXP,QCOM,20181231_6_2,track_b,2019-01-02,2019-03-29
CVX__PEP,CVX,PEP,20181231_6_3,track_b,2019-01-02,2019-03-29
AAPL__NVDA,AAPL,NVDA,20181231_7_0,track_b,2019-01-02,2019-03-29
PEP__PG,PEP,PG,20190329_0_0,track_b,2019-04-01,2019-06-28
PEP__TXN,PEP,TXN,20190329_0_0,track_b,2019-04-01,2019-06-28
PG__TXN,PG,TXN,20190329_0_0,track_b,2019-04-01,2019-06-28
AXP__CVX,AXP,CVX,20190329_0_1,track_b,2019-04-01,2019-06-28
JPM__XOM,JPM,XOM,20190329_0_2,track_b,2019-04-01,2019-06-28
CL__KMB,CL,KMB,20190329_1_0,track_b,2019-04-01,2019-06-28
INTC__ORCL,INTC,ORCL,20190329_4_0,track_b,2019-04-01,2019-06-28
BAC__WMT,BAC,WMT,20190329_4_1,track_b,2019-04-01,2019-06-28
CSCO__KO,CSCO,KO,20190329_4_2,track_b,2019-04-01,2019-06-28
C__SLB,C,SLB,20190329_5_0,track_b,2019-04-01,2019-06-28
COP__QCOM,COP,QCOM,20190329_5_1,track_b,2019-04-01,2019-06-28
HAL__MS,HAL,MS,20190329_5_2,track_b,2019-04-01,2019-06-28
MDLZ__WFC,MDLZ,WFC,20190329_5_3,track_b,2019-04-01,2019-06-28
EOG__USB,EOG,USB,20190329_5_4,track_b,2019-04-01,2019-06-28
PSX__VLO,PSX,VLO,20190329_6_0,track_b,2019-04-01,2019-06-28
GIS__IBM,GIS,IBM,20190329_6_1,track_b,2019-04-01,2019-06-28
GIS__SYY,GIS,SYY,20190329_6_1,track_b,2019-04-01,2019-06-28
IBM__SYY,IBM,SYY,20190329_6_1,track_b,2019-04-01,2019-06-28
MPC__OXY,MPC,OXY,20190329_6_2,track_b,2019-04-01,2019-06-28
GS__PNC,GS,PNC,20190329_6_3,track_b,2019-04-01,2019-06-28
AAPL__NVDA,AAPL,NVDA,20190329_7_0,track_b,2019-04-01,2019-06-28
CL__KMB,CL,KMB,20190628_0_0,track_b,2019-07-01,2019-09-30
C__EOG,C,EOG,20190628_1_0,track_b,2019-07-01,2019-09-30
C__MS,C,MS,20190628_1_0,track_b,2019-07-01,2019-09-30
C__SLB,C,SLB,20190628_1_0,track_b,2019-07-01,2019-09-30
EOG__MS,EOG,MS,20190628_1_0,track_b,2019-07-01,2019-09-30
EOG__SLB,EOG,SLB,20190628_1_0,track_b,2019-07-01,2019-09-30
MS__SLB,MS,SLB,20190628_1_0,track_b,2019-07-01,2019-09-30
GS__IBM,GS,IBM,20190628_4_0,track_b,2019-07-01,2019-09-30
GS__PNC,GS,PNC,20190628_4_0,track_b,2019-07-01,2019-09-30
IBM__PNC,IBM,PNC,20190628_4_0,track_b,2019-07-01,2019-09-30
AAPL__NVDA,AAPL,NVDA,20190628_5_0,track_b,2019-07-01,2019-09-30
CSCO__KO,CSCO,KO,20190628_6_0,track_b,2019-07-01,2019-09-30
INTC__ORCL,INTC,ORCL,20190628_6_1,track_b,2019-07-01,2019-09-30
INTC__WMT,INTC,WMT,20190628_6_1,track_b,2019-07-01,2019-09-30
ORCL__WMT,ORCL,WMT,20190628_6_1,track_b,2019-07-01,2019-09-30
BAC__WFC,BAC,WFC,20190628_6_2,track_b,2019-07-01,2019-09-30
PG__TXN,PG,TXN,20190628_7_0,track_b,2019-07-01,2019-09-30
AXP__CVX,AXP,CVX,20190628_7_1,track_b,2019-07-01,2019-09-30
JPM__PEP,JPM,PEP,20190628_7_2,track_b,2019-07-01,2019-09-30
PSX__VLO,PSX,VLO,20190628_8_0,track_b,2019-07-01,2019-09-30
COP__GIS,COP,GIS,20190628_8_1,track_b,2019-07-01,2019-09-30
COP__SYY,COP,SYY,20190628_8_1,track_b,2019-07-01,2019-09-30
GIS__SYY,GIS,SYY,20190628_8_1,track_b,2019-07-01,2019-09-30
HAL__OXY,HAL,OXY,20190628_8_2,track_b,2019-07-01,2019-09-30
MPC__QCOM,MPC,QCOM,20190628_9_0,track_b,2019-07-01,2019-09-30
MDLZ__USB,MDLZ,USB,20190628_11_0,track_b,2019-07-01,2019-09-30
MDLZ__XOM,MDLZ,XOM,20190628_11_0,track_b,2019-07-01,2019-09-30
USB__XOM,USB,XOM,20190628_11_0,track_b,2019-07-01,2019-09-30
AXP__JPM,AXP,JPM,20190930_0_0,track_b,2019-10-01,2019-12-31
AXP__TXN,AXP,TXN,20190930_0_0,track_b,2019-10-01,2019-12-31
JPM__TXN,JPM,TXN,20190930_0_0,track_b,2019-10-01,2019-12-31
PEP__PG,PEP,PG,20190930_0_1,track_b,2019-10-01,2019-12-31
ADBE__COST,ADBE,COST,20190930_1_0,track_b,2019-10-01,2019-12-31
COP__OXY,COP,OXY,20190930_2_0,track_b,2019-10-01,2019-12-31
EOG__HAL,EOG,HAL,20190930_2_1,track_b,2019-10-01,2019-12-31
EOG__SLB,EOG,SLB,20190930_2_1,track_b,2019-10-01,2019-12-31
HAL__SLB,HAL,SLB,20190930_2_1,track_b,2019-10-01,2019-12-31
MPC__VLO,MPC,VLO,20190930_2_2,track_b,2019-10-01,2019-12-31
CL__KMB,CL,KMB,20190930_3_0,track_b,2019-10-01,2019-12-31
BAC__CSCO,BAC,CSCO,20190930_5_0,track_b,2019-10-01,2019-12-31
INTC__ORCL,INTC,ORCL,20190930_5_1,track_b,2019-10-01,2019-12-31
INTC__WFC,INTC,WFC,20190930_5_1,track_b,2019-10-01,2019-12-31
ORCL__WFC,ORCL,WFC,20190930_5_1,track_b,2019-10-01,2019-12-31
KO__WMT,KO,WMT,20190930_5_2,track_b,2019-10-01,2019-12-31
GS__IBM,GS,IBM,20190930_6_0,track_b,2019-10-01,2019-12-31
GS__PNC,GS,PNC,20190930_6_0,track_b,2019-10-01,2019-12-31
IBM__PNC,IBM,PNC,20190930_6_0,track_b,2019-10-01,2019-12-31
CVX__PSX,CVX,PSX,20190930_6_1,track_b,2019-10-01,2019-12-31
USB__XOM,USB,XOM,20190930_8_0,track_b,2019-10-01,2019-12-31
MS__QCOM,MS,QCOM,20190930_8_1,track_b,2019-10-01,2019-12-31
C__MDLZ,C,MDLZ,20190930_8_2,track_b,2019-10-01,2019-12-31
GIS__SYY,GIS,SYY,20190930_8_3,track_b,2019-10-01,2019-12-31
AAPL__NVDA,AAPL,NVDA,20190930_9_0,track_b,2019-10-01,2019-12-31
KO__PEP,KO,PEP,20191231_0_0,track_b,2020-01-02,2020-03-31
KO__PG,KO,PG,20191231_0_0,track_b,2020-01-02,2020-03-31
KO__TXN,KO,TXN,20191231_0_0,track_b,2020-01-02,2020-03-31
PEP__PG,PEP,PG,20191231_0_0,track_b,2020-01-02,2020-03-31
PEP__TXN,PEP,TXN,20191231_0_0,track_b,2020-01-02,2020-03-31
PG__TXN,PG,TXN,20191231_0_0,track_b,2020-01-02,2020-03-31
IBM__PSX,IBM,PSX,20191231_1_0,track_b,2020-01-02,2020-03-31
KMB__SYY,KMB,SYY,20191231_1_1,track_b,2020-01-02,2020-03-31
KMB__VLO,KMB,VLO,20191231_1_1,track_b,2020-01-02,2020-03-31
SYY__VLO,SYY,VLO,20191231_1_1,track_b,2020-01-02,2020-03-31
C__USB,C,USB,20191231_3_0,track_b,2020-01-02,2020-03-31
MS__XOM,MS,XOM,20191231_3_1,track_b,2020-01-02,2020-03-31
AXP__CVX,AXP,CVX,20191231_3_2,track_b,2020-01-02,2020-03-31
MDLZ__QCOM,MDLZ,QCOM,20191231_3_3,track_b,2020-01-02,2020-03-31
COP__GIS,COP,GIS,20191231_6_0,track_b,2020-01-02,2020-03-31
COP__MPC,COP,MPC,20191231_6_0,track_b,2020-01-02,2020-03-31
GIS__MPC,GIS,MPC,20191231_6_0,track_b,2020-01-02,2020-03-31
CL__EOG,CL,EOG,20191231_7_0,track_b,2020-01-02,2020-03-31
HAL__OXY,HAL,OXY,20191231_7_1,track_b,2020-01-02,2020-03-31
HAL__SLB,HAL,SLB,20191231_7_1,track_b,2020-01-02,2020-03-31
OXY__SLB,OXY,SLB,20191231_7_1,track_b,2020-01-02,2020-03-31
CSCO__ORCL,CSCO,ORCL,20191231_8_0,track_b,2020-01-02,2020-03-31
BAC__WMT,BAC,WMT,20191231_8_1,track_b,2020-01-02,2020-03-31
INTC__WFC,INTC,WFC,20191231_8_2,track_b,2020-01-02,2020-03-31
COST__GS,COST,GS,20191231_9_0,track_b,2020-01-02,2020-03-31
COST__PNC,COST,PNC,20191231_9_0,track_b,2020-01-02,2020-03-31
GS__PNC,GS,PNC,20191231_9_0,track_b,2020-01-02,2020-03-31
AAPL__MSFT,AAPL,MSFT,20191231_10_0,track_b,2020-01-02,2020-03-31
JPM__PEP,JPM,PEP,20200331_0_0,track_b,2020-04-01,2020-06-30
JPM__PG,JPM,PG,20200331_0_0,track_b,2020-04-01,2020-06-30
JPM__TXN,JPM,TXN,20200331_0_0,track_b,2020-04-01,2020-06-30
PEP__PG,PEP,PG,20200331_0_0,track_b,2020-04-01,2020-06-30
PEP__TXN,PEP,TXN,20200331_0_0,track_b,2020-04-01,2020-06-30
PG__TXN,PG,TXN,20200331_0_0,track_b,2020-04-01,2020-06-30
ADBE__COST,ADBE,COST,20200331_1_0,track_b,2020-04-01,2020-06-30
CL__KMB,CL,KMB,20200331_2_0,track_b,2020-04-01,2020-06-30
COP__EOG,COP,EOG,20200331_3_0,track_b,2020-04-01,2020-06-30
HAL__OXY,HAL,OXY,20200331_3_1,track_b,2020-04-01,2020-06-30
MPC__SLB,MPC,SLB,20200331_3_2,track_b,2020-04-01,2020-06-30
INTC__WMT,INTC,WMT,20200331_4_0,track_b,2020-04-01,2020-06-30
C__MS,C,MS,20200331_6_0,track_b,2020-04-01,2020-06-30
USB__XOM,USB,XOM,20200331_6_1,track_b,2020-04-01,2020-06-30
BAC__WFC,BAC,WFC,20200331_6_2,track_b,2020-04-01,2020-06-30
GIS__PNC,GIS,PNC,20200331_7_0,track_b,2020-04-01,2020-06-30
GIS__VLO,GIS,VLO,20200331_7_0,track_b,2020-04-01,2020-06-30
PNC__VLO,PNC,VLO,20200331_7_0,track_b,2020-04-01,2020-06-30
AXP__CVX,AXP,CVX,20200331_7_1,track_b,2020-04-01,2020-06-30
GS__IBM,GS,IBM,20200331_7_2,track_b,2020-04-01,2020-06-30
PSX__SYY,PSX,SYY,20200331_7_3,track_b,2020-04-01,2020-06-30
AAPL__NVDA,AAPL,NVDA,20200331_9_0,track_b,2020-04-01,2020-06-30
CSCO__KO,CSCO,KO,20200331_10_0,track_b,2020-04-01,2020-06-30
CSCO__ORCL,CSCO,ORCL,20200331_10_0,track_b,2020-04-01,2020-06-30
KO__ORCL,KO,ORCL,20200331_10_0,track_b,2020-04-01,2020-06-30
MDLZ__QCOM,MDLZ,QCOM,20200331_10_1,track_b,2020-04-01,2020-06-30
ADBE__COST,ADBE,COST,20200630_0_0,track_b,2020-07-01,2020-09-30
C__USB,C,USB,20200630_1_0,track_b,2020-07-01,2020-09-30
C__XOM,C,XOM,20200630_1_0,track_b,2020-07-01,2020-09-30
USB__XOM,USB,XOM,20200630_1_0,track_b,2020-07-01,2020-09-30
BAC__WFC,BAC,WFC,20200630_1_1,track_b,2020-07-01,2020-09-30
PEP__PG,PEP,PG,20200630_2_0,track_b,2020-07-01,2020-09-30
PEP__TXN,PEP,TXN,20200630_2_0,track_b,2020-07-01,2020-09-30
PG__TXN,PG,TXN,20200630_2_0,track_b,2020-07-01,2020-09-30
GIS__MDLZ,GIS,MDLZ,20200630_2_1,track_b,2020-07-01,2020-09-30
CSCO__INTC,CSCO,INTC,20200630_3_0,track_b,2020-07-01,2020-09-30
CSCO__ORCL,CSCO,ORCL,20200630_3_0,track_b,2020-07-01,2020-09-30
CSCO__WMT,CSCO,WMT,20200630_3_0,track_b,2020-07-01,2020-09-30
INTC__ORCL,INTC,ORCL,20200630_3_0,track_b,2020-07-01,2020-09-30
INTC__WMT,INTC,WMT,20200630_3_0,track_b,2020-07-01,2020-09-30
ORCL__WMT,ORCL,WMT,20200630_3_0,track_b,2020-07-01,2020-09-30
CL__KMB,CL,KMB,20200630_4_0,track_b,2020-07-01,2020-09-30
GS__IBM,GS,IBM,20200630_6_0,track_b,2020-07-01,2020-09-30
GS__PNC,GS,PNC,20200630_6_0,track_b,2020-07-01,2020-09-30
IBM__PNC,IBM,PNC,20200630_6_0,track_b,2020-07-01,2020-09-30
JPM__QCOM,JPM,QCOM,20200630_7_0,track_b,2020-07-01,2020-09-30
KO__MS,KO,MS,20200630_7_1,track_b,2020-07-01,2020-09-30
AXP__CVX,AXP,CVX,20200630_7_2,track_b,2020-07-01,2020-09-30
COP__EOG,COP,EOG,20200630_8_0,track_b,2020-07-01,2020-09-30
PSX__VLO,PSX,VLO,20200630_8_1,track_b,2020-07-01,2020-09-30
HAL__OXY,HAL,OXY,20200630_8_2,track_b,2020-07-01,2020-09-30
HAL__SLB,HAL,SLB,20200630_8_2,track_b,2020-07-01,2020-09-30
OXY__SLB,OXY,SLB,20200630_8_2,track_b,2020-07-01,2020-09-30
MPC__SYY,MPC,SYY,20200630_8_3,track_b,2020-07-01,2020-09-30
AAPL__NVDA,AAPL,NVDA,20200630_10_0,track_b,2020-07-01,2020-09-30
PEP__PG,PEP,PG,20200930_0_0,track_b,2020-10-01,2020-12-31
PEP__QCOM,PEP,QCOM,20200930_0_0,track_b,2020-10-01,2020-12-31
PEP__TXN,PEP,TXN,20200930_0_0,track_b,2020-10-01,2020-12-31
PG__QCOM,PG,QCOM,20200930_0_0,track_b,2020-10-01,2020-12-31
PG__TXN,PG,TXN,20200930_0_0,track_b,2020-10-01,2020-12-31
QCOM__TXN,QCOM,TXN,20200930_0_0,track_b,2020-10-01,2020-12-31
COP__EOG,COP,EOG,20200930_1_0,track_b,2020-10-01,2020-12-31
HAL__SLB,HAL,SLB,20200930_1_1,track_b,2020-10-01,2020-12-31
MPC__VLO,MPC,VLO,20200930_1_2,track_b,2020-10-01,2020-12-31
OXY__PSX,OXY,PSX,20200930_1_3,track_b,2020-10-01,2020-12-31
ADBE__COST,ADBE,COST,20200930_2_0,track_b,2020-10-01,2020-12-31
C__USB,C,USB,20200930_5_0,track_b,2020-10-01,2020-12-31
AXP__GIS,AXP,GIS,20200930_5_1,track_b,2020-10-01,2020-12-31
AXP__MS,AXP,MS,20200930_5_1,track_b,2020-10-01,2020-12-31
GIS__MS,GIS,MS,20200930_5_1,track_b,2020-10-01,2020-12-31
JPM__MDLZ,JPM,MDLZ,20200930_5_2,track_b,2020-10-01,2020-12-31
CSCO__CVX,CSCO,CVX,20200930_5_3,track_b,2020-10-01,2020-12-31
BAC__INTC,BAC,INTC,20200930_7_0,track_b,2020-10-01,2020-12-31
BAC__WFC,BAC,WFC,20200930_7_0,track_b,2020-10-01,2020-12-31
BAC__XOM,BAC,XOM,20200930_7_0,track_b,2020-10-01,2020-12-31
INTC__WFC,INTC,WFC,20200930_7_0,track_b,2020-10-01,2020-12-31
INTC__XOM,INTC,XOM,20200930_7_0,track_b,2020-10-01,2020-12-31
WFC__XOM,WFC,XOM,20200930_7_0,track_b,2020-10-01,2020-12-31
GS__IBM,GS,IBM,20200930_9_0,track_b,2020-10-01,2020-12-31
GS__PNC,GS,PNC,20200930_9_0,track_b,2020-10-01,2020-12-31
GS__SYY,GS,SYY,20200930_9_0,track_b,2020-10-01,2020-12-31
IBM__PNC,IBM,PNC,20200930_9_0,track_b,2020-10-01,2020-12-31
IBM__SYY,IBM,SYY,20200930_9_0,track_b,2020-10-01,2020-12-31
PNC__SYY,PNC,SYY,20200930_9_0,track_b,2020-10-01,2020-12-31
AAPL__NVDA,AAPL,NVDA,20200930_10_0,track_b,2020-10-01,2020-12-31
KO__ORCL,KO,ORCL,20200930_11_0,track_b,2020-10-01,2020-12-31
KO__WMT,KO,WMT,20200930_11_0,track_b,2020-10-01,2020-12-31
ORCL__WMT,ORCL,WMT,20200930_11_0,track_b,2020-10-01,2020-12-31
CL__KMB,CL,KMB,20201231_0_0,track_b,2021-01-04,2021-03-31
C__USB,C,USB,20201231_1_0,track_b,2021-01-04,2021-03-31
WFC__XOM,WFC,XOM,20201231_1_1,track_b,2021-01-04,2021-03-31
AXP__CVX,AXP,CVX,20201231_1_2,track_b,2021-01-04,2021-03-31
ADBE__COST,ADBE,COST,20201231_2_0,track_b,2021-01-04,2021-03-31
COP__EOG,COP,EOG,20201231_3_0,track_b,2021-01-04,2021-03-31
MPC__VLO,MPC,VLO,20201231_3_1,track_b,2021-01-04,2021-03-31
HAL__SLB,HAL,SLB,20201231_3_2,track_b,2021-01-04,2021-03-31
OXY__PSX,OXY,PSX,20201231_3_3,track_b,2021-01-04,2021-03-31
AAPL__MSFT,AAPL,MSFT,20201231_5_0,track_b,2021-01-04,2021-03-31
AAPL__NVDA,AAPL,NVDA,20201231_5_0,track_b,2021-01-04,2021-03-31
MSFT__NVDA,MSFT,NVDA,20201231_5_0,track_b,2021-01-04,2021-03-31
CSCO__KO,CSCO,KO,20201231_7_0,track_b,2021-01-04,2021-03-31
CSCO__WMT,CSCO,WMT,20201231_7_0,track_b,2021-01-04,2021-03-31
KO__WMT,KO,WMT,20201231_7_0,track_b,2021-01-04,2021-03-31
JPM__MDLZ,JPM,MDLZ,20201231_7_1,track_b,2021-01-04,2021-03-31
BAC__INTC,BAC,INTC,20201231_7_2,track_b,2021-01-04,2021-03-31
MS__ORCL,MS,ORCL,20201231_7_3,track_b,2021-01-04,2021-03-31
PEP__PG,PEP,PG,20201231_8_0,track_b,2021-01-04,2021-03-31
PEP__QCOM,PEP,QCOM,20201231_8_0,track_b,2021-01-04,2021-03-31
PEP__TXN,PEP,TXN,20201231_8_0,track_b,2021-01-04,2021-03-31
PG__QCOM,PG,QCOM,20201231_8_0,track_b,2021-01-04,2021-03-31
PG__TXN,PG,TXN,20201231_8_0,track_b,2021-01-04,2021-03-31
QCOM__TXN,QCOM,TXN,20201231_8_0,track_b,2021-01-04,2021-03-31
GIS__IBM,GIS,IBM,20201231_9_0,track_b,2021-01-04,2021-03-31
GIS__PNC,GIS,PNC,20201231_9_0,track_b,2021-01-04,2021-03-31
GIS__SYY,GIS,SYY,20201231_9_0,track_b,2021-01-04,2021-03-31
IBM__PNC,IBM,PNC,20201231_9_0,track_b,2021-01-04,2021-03-31
IBM__SYY,IBM,SYY,20201231_9_0,track_b,2021-01-04,2021-03-31
PNC__SYY,PNC,SYY,20201231_9_0,track_b,2021-01-04,2021-03-31
JPM__PG,JPM,PG,20210331_0_0,track_b,2021-04-01,2021-06-30
JPM__QCOM,JPM,QCOM,20210331_0_0,track_b,2021-04-01,2021-06-30
JPM__TXN,JPM,TXN,20210331_0_0,track_b,2021-04-01,2021-06-30
PG__QCOM,PG,QCOM,20210331_0_0,track_b,2021-04-01,2021-06-30
PG__TXN,PG,TXN,20210331_0_0,track_b,2021-04-01,2021-06-30
QCOM__TXN,QCOM,TXN,20210331_0_0,track_b,2021-04-01,2021-06-30
BAC__INTC,BAC,INTC,20210331_1_0,track_b,2021-04-01,2021-06-30
MDLZ__MS,MDLZ,MS,20210331_1_1,track_b,2021-04-01,2021-06-30
KO__WMT,KO,WMT,20210331_1_2,track_b,2021-04-01,2021-06-30
CSCO__ORCL,CSCO,ORCL,20210331_1_3,track_b,2021-04-01,2021-06-30
CL__KMB,CL,KMB,20210331_2_0,track_b,2021-04-01,2021-06-30
MPC__VLO,MPC,VLO,20210331_4_0,track_b,2021-04-01,2021-06-30
PSX__SYY,PSX,SYY,20210331_4_1,track_b,2021-04-01,2021-06-30
GIS__IBM,GIS,IBM,20210331_4_2,track_b,2021-04-01,2021-06-30
ADBE__COST,ADBE,COST,20210331_5_0,track_b,2021-04-01,2021-06-30
ADBE__GS,ADBE,GS,20210331_5_0,track_b,2021-04-01,2021-06-30
COST__GS,COST,GS,20210331_5_0,track_b,2021-04-01,2021-06-30
AAPL__MSFT,AAPL,MSFT,20210331_6_0,track_b,2021-04-01,2021-06-30
AAPL__NVDA,AAPL,NVDA,20210331_6_0,track_b,2021-04-01,2021-06-30
MSFT__NVDA,MSFT,NVDA,20210331_6_0,track_b,2021-04-01,2021-06-30
WFC__XOM,WFC,XOM,20210331_7_0,track_b,2021-04-01,2021-06-30
C__EOG,C,EOG,20210331_7_1,track_b,2021-04-01,2021-06-30
C__USB,C,USB,20210331_7_1,track_b,2021-04-01,2021-06-30
EOG__USB,EOG,USB,20210331_7_1,track_b,2021-04-01,2021-06-30
COP__CVX,COP,CVX,20210331_7_2,track_b,2021-04-01,2021-06-30
HAL__OXY,HAL,OXY,20210331_8_0,track_b,2021-04-01,2021-06-30
HAL__SLB,HAL,SLB,20210331_8_0,track_b,2021-04-01,2021-06-30
OXY__SLB,OXY,SLB,20210331_8_0,track_b,2021-04-01,2021-06-30
AXP__PEP,AXP,PEP,20210331_9_0,track_b,2021-04-01,2021-06-30
AXP__PNC,AXP,PNC,20210331_9_0,track_b,2021-04-01,2021-06-30
PEP__PNC,PEP,PNC,20210331_9_0,track_b,2021-04-01,2021-06-30
MPC__VLO,MPC,VLO,20210630_1_0,track_b,2021-07-01,2021-09-30
HAL__OXY,HAL,OXY,20210630_1_1,track_b,2021-07-01,2021-09-30
HAL__SLB,HAL,SLB,20210630_1_1,track_b,2021-07-01,2021-09-30
OXY__SLB,OXY,SLB,20210630_1_1,track_b,2021-07-01,2021-09-30
EOG__SYY,EOG,SYY,20210630_1_2,track_b,2021-07-01,2021-09-30
AXP__QCOM,AXP,QCOM,20210630_3_0,track_b,2021-07-01,2021-09-30
JPM__PG,JPM,PG,20210630_3_1,track_b,2021-07-01,2021-09-30
MDLZ__MS,MDLZ,MS,20210630_3_2,track_b,2021-07-01,2021-09-30
PEP__PNC,PEP,PNC,20210630_3_3,track_b,2021-07-01,2021-09-30
PEP__TXN,PEP,TXN,20210630_3_3,track_b,2021-07-01,2021-09-30
PNC__TXN,PNC,TXN,20210630_3_3,track_b,2021-07-01,2021-09-30
ADBE__COST,ADBE,COST,20210630_4_0,track_b,2021-07-01,2021-09-30
ADBE__GS,ADBE,GS,20210630_4_0,track_b,2021-07-01,2021-09-30
COST__GS,COST,GS,20210630_4_0,track_b,2021-07-01,2021-09-30
AAPL__MSFT,AAPL,MSFT,20210630_5_0,track_b,2021-07-01,2021-09-30
AAPL__NVDA,AAPL,NVDA,20210630_5_0,track_b,2021-07-01,2021-09-30
MSFT__NVDA,MSFT,NVDA,20210630_5_0,track_b,2021-07-01,2021-09-30
C__USB,C,USB,20210630_6_0,track_b,2021-07-01,2021-09-30
C__WFC,C,WFC,20210630_6_0,track_b,2021-07-01,2021-09-30
C__XOM,C,XOM,20210630_6_0,track_b,2021-07-01,2021-09-30
USB__WFC,USB,WFC,20210630_6_0,track_b,2021-07-01,2021-09-30
USB__XOM,USB,XOM,20210630_6_0,track_b,2021-07-01,2021-09-30
WFC__XOM,WFC,XOM,20210630_6_0,track_b,2021-07-01,2021-09-30
CL__KMB,CL,KMB,20210630_7_0,track_b,2021-07-01,2021-09-30
COP__CVX,COP,CVX,20210630_8_0,track_b,2021-07-01,2021-09-30
COP__PSX,COP,PSX,20210630_8_0,track_b,2021-07-01,2021-09-30
CVX__PSX,CVX,PSX,20210630_8_0,track_b,2021-07-01,2021-09-30
CSCO__KO,CSCO,KO,20210630_9_0,track_b,2021-07-01,2021-09-30
BAC__INTC,BAC,INTC,20210630_9_1,track_b,2021-07-01,2021-09-30
BAC__WMT,BAC,WMT,20210630_9_1,track_b,2021-07-01,2021-09-30
INTC__WMT,INTC,WMT,20210630_9_1,track_b,2021-07-01,2021-09-30
GIS__IBM,GIS,IBM,20210630_10_0,track_b,2021-07-01,2021-09-30
CSCO__INTC,CSCO,INTC,20210930_0_0,track_b,2021-10-01,2021-12-31
CSCO__KO,CSCO,KO,20210930_0_0,track_b,2021-10-01,2021-12-31
INTC__KO,INTC,KO,20210930_0_0,track_b,2021-10-01,2021-12-31
BAC__WMT,BAC,WMT,20210930_0_1,track_b,2021-10-01,2021-12-31
ADBE__COST,ADBE,COST,20210930_1_0,track_b,2021-10-01,2021-12-31
HAL__SLB,HAL,SLB,20210930_2_0,track_b,2021-10-01,2021-12-31
PSX__VLO,PSX,VLO,20210930_2_1,track_b,2021-10-01,2021-12-31
EOG__MPC,EOG,MPC,20210930_2_2,track_b,2021-10-01,2021-12-31
COP__OXY,COP,OXY,20210930_2_3,track_b,2021-10-01,2021-12-31
CL__KMB,CL,KMB,20210930_3_0,track_b,2021-10-01,2021-12-31
GS__PNC,GS,PNC,20210930_4_0,track_b,2021-10-01,2021-12-31
MDLZ__USB,MDLZ,USB,20210930_5_0,track_b,2021-10-01,2021-12-31
C__MS,C,MS,20210930_5_1,track_b,2021-10-01,2021-12-31
WFC__XOM,WFC,XOM,20210930_5_2,track_b,2021-10-01,2021-12-31
AXP__CVX,AXP,CVX,20210930_5_3,track_b,2021-10-01,2021-12-31
AAPL__MSFT,AAPL,MSFT,20210930_6_0,track_b,2021-10-01,2021-12-31
AAPL__NVDA,AAPL,NVDA,20210930_6_0,track_b,2021-10-01,2021-12-31
MSFT__NVDA,MSFT,NVDA,20210930_6_0,track_b,2021-10-01,2021-12-31
GIS__IBM,GIS,IBM,20210930_9_0,track_b,2021-10-01,2021-12-31
GIS__SYY,GIS,SYY,20210930_9_0,track_b,2021-10-01,2021-12-31
IBM__SYY,IBM,SYY,20210930_9_0,track_b,2021-10-01,2021-12-31
JPM__PG,JPM,PG,20210930_10_0,track_b,2021-10-01,2021-12-31
JPM__QCOM,JPM,QCOM,20210930_10_0,track_b,2021-10-01,2021-12-31
PG__QCOM,PG,QCOM,20210930_10_0,track_b,2021-10-01,2021-12-31
PEP__TXN,PEP,TXN,20210930_10_1,track_b,2021-10-01,2021-12-31
CL__KMB,CL,KMB,20211231_0_0,track_b,2022-01-03,2022-03-31
JPM__QCOM,JPM,QCOM,20211231_1_0,track_b,2022-01-03,2022-03-31
AXP__MS,AXP,MS,20211231_1_1,track_b,2022-01-03,2022-03-31
PG__TXN,PG,TXN,20211231_1_2,track_b,2022-01-03,2022-03-31
MDLZ__PEP,MDLZ,PEP,20211231_1_3,track_b,2022-01-03,2022-03-31
ADBE__COST,ADBE,COST,20211231_2_0,track_b,2022-01-03,2022-03-31
PSX__VLO,PSX,VLO,20211231_4_0,track_b,2022-01-03,2022-03-31
C__XOM,C,XOM,20211231_4_1,track_b,2022-01-03,2022-03-31
HAL__SLB,HAL,SLB,20211231_4_2,track_b,2022-01-03,2022-03-31
EOG__MPC,EOG,MPC,20211231_4_3,track_b,2022-01-03,2022-03-31
CVX__USB,CVX,USB,20211231_4_4,track_b,2022-01-03,2022-03-31
COP__OXY,COP,OXY,20211231_4_5,track_b,2022-01-03,2022-03-31
AAPL__MSFT,AAPL,MSFT,20211231_6_0,track_b,2022-01-03,2022-03-31
GIS__SYY,GIS,SYY,20211231_7_0,track_b,2022-01-03,2022-03-31
GS__IBM,GS,IBM,20211231_8_0,track_b,2022-01-03,2022-03-31
GS__PNC,GS,PNC,20211231_8_0,track_b,2022-01-03,2022-03-31
IBM__PNC,IBM,PNC,20211231_8_0,track_b,2022-01-03,2022-03-31
CSCO__KO,CSCO,KO,20211231_9_0,track_b,2022-01-03,2022-03-31
CSCO__ORCL,CSCO,ORCL,20211231_9_0,track_b,2022-01-03,2022-03-31
KO__ORCL,KO,ORCL,20211231_9_0,track_b,2022-01-03,2022-03-31
BAC__INTC,BAC,INTC,20211231_9_1,track_b,2022-01-03,2022-03-31
WFC__WMT,WFC,WMT,20211231_9_2,track_b,2022-01-03,2022-03-31
CSCO__KO,CSCO,KO,20220331_0_0,track_b,2022-04-01,2022-06-30
BAC__INTC,BAC,INTC,20220331_0_1,track_b,2022-04-01,2022-06-30
ORCL__WMT,ORCL,WMT,20220331_0_2,track_b,2022-04-01,2022-06-30
GIS__IBM,GIS,IBM,20220331_2_0,track_b,2022-04-01,2022-06-30
GIS__PNC,GIS,PNC,20220331_2_0,track_b,2022-04-01,2022-06-30
GIS__SYY,GIS,SYY,20220331_2_0,track_b,2022-04-01,2022-06-30
IBM__PNC,IBM,PNC,20220331_2_0,track_b,2022-04-01,2022-06-30
IBM__SYY,IBM,SYY,20220331_2_0,track_b,2022-04-01,2022-06-30
PNC__SYY,PNC,SYY,20220331_2_0,track_b,2022-04-01,2022-06-30
AAPL__MSFT,AAPL,MSFT,20220331_3_0,track_b,2022-04-01,2022-06-30
PG__TXN,PG,TXN,20220331_6_0,track_b,2022-04-01,2022-06-30
AXP__CVX,AXP,CVX,20220331_6_1,track_b,2022-04-01,2022-06-30
JPM__MS,JPM,MS,20220331_6_2,track_b,2022-04-01,2022-06-30
PEP__QCOM,PEP,QCOM,20220331_6_3,track_b,2022-04-01,2022-06-30
EOG__MPC,EOG,MPC,20220331_7_0,track_b,2022-04-01,2022-06-30
EOG__PSX,EOG,PSX,20220331_7_0,track_b,2022-04-01,2022-06-30
EOG__VLO,EOG,VLO,20220331_7_0,track_b,2022-04-01,2022-06-30
MPC__PSX,MPC,PSX,20220331_7_0,track_b,2022-04-01,2022-06-30
MPC__VLO,MPC,VLO,20220331_7_0,track_b,2022-04-01,2022-06-30
PSX__VLO,PSX,VLO,20220331_7_0,track_b,2022-04-01,2022-06-30
ADBE__COST,ADBE,COST,20220331_8_0,track_b,2022-04-01,2022-06-30
HAL__SLB,HAL,SLB,20220331_9_0,track_b,2022-04-01,2022-06-30
C__OXY,C,OXY,20220331_9_1,track_b,2022-04-01,2022-06-30
C__USB,C,USB,20220331_9_1,track_b,2022-04-01,2022-06-30
OXY__USB,OXY,USB,20220331_9_1,track_b,2022-04-01,2022-06-30
WFC__XOM,WFC,XOM,20220331_9_2,track_b,2022-04-01,2022-06-30
COP__MDLZ,COP,MDLZ,20220331_9_3,track_b,2022-04-01,2022-06-30
GIS__IBM,GIS,IBM,20220630_0_0,track_b,2022-07-01,2022-09-30
GIS__PNC,GIS,PNC,20220630_0_0,track_b,2022-07-01,2022-09-30
GIS__SYY,GIS,SYY,20220630_0_0,track_b,2022-07-01,2022-09-30
IBM__PNC,IBM,PNC,20220630_0_0,track_b,2022-07-01,2022-09-30
IBM__SYY,IBM,SYY,20220630_0_0,track_b,2022-07-01,2022-09-30
PNC__SYY,PNC,SYY,20220630_0_0,track_b,2022-07-01,2022-09-30
ADBE__COST,ADBE,COST,20220630_1_0,track_b,2022-07-01,2022-09-30
KO__ORCL,KO,ORCL,20220630_2_0,track_b,2022-07-01,2022-09-30
HAL__SLB,HAL,SLB,20220630_3_0,track_b,2022-07-01,2022-09-30
C__OXY,C,OXY,20220630_3_1,track_b,2022-07-01,2022-09-30
COP__USB,COP,USB,20220630_3_2,track_b,2022-07-01,2022-09-30
JPM__MS,JPM,MS,20220630_6_0,track_b,2022-07-01,2022-09-30
AXP__QCOM,AXP,QCOM,20220630_6_1,track_b,2022-07-01,2022-09-30
CVX__EOG,CVX,EOG,20220630_6_2,track_b,2022-07-01,2022-09-30
MDLZ__XOM,MDLZ,XOM,20220630_6_3,track_b,2022-07-01,2022-09-30
MPC__PSX,MPC,PSX,20220630_7_0,track_b,2022-07-01,2022-09-30
MPC__VLO,MPC,VLO,20220630_7_0,track_b,2022-07-01,2022-09-30
PSX__VLO,PSX,VLO,20220630_7_0,track_b,2022-07-01,2022-09-30
AAPL__MSFT,AAPL,MSFT,20220630_8_0,track_b,2022-07-01,2022-09-30
AAPL__NVDA,AAPL,NVDA,20220630_8_0,track_b,2022-07-01,2022-09-30
MSFT__NVDA,MSFT,NVDA,20220630_8_0,track_b,2022-07-01,2022-09-30
BAC__CSCO,BAC,CSCO,20220630_10_0,track_b,2022-07-01,2022-09-30
BAC__WMT,BAC,WMT,20220630_10_0,track_b,2022-07-01,2022-09-30
CSCO__WMT,CSCO,WMT,20220630_10_0,track_b,2022-07-01,2022-09-30
INTC__WFC,INTC,WFC,20220630_10_1,track_b,2022-07-01,2022-09-30
PEP__PG,PEP,PG,20220630_12_0,track_b,2022-07-01,2022-09-30
PEP__TXN,PEP,TXN,20220630_12_0,track_b,2022-07-01,2022-09-30
PG__TXN,PG,TXN,20220630_12_0,track_b,2022-07-01,2022-09-30
CSCO__INTC,CSCO,INTC,20220930_0_0,track_b,2022-10-03,2022-12-30
CSCO__ORCL,CSCO,ORCL,20220930_0_0,track_b,2022-10-03,2022-12-30
INTC__ORCL,INTC,ORCL,20220930_0_0,track_b,2022-10-03,2022-12-30
KO__WMT,KO,WMT,20220930_0_1,track_b,2022-10-03,2022-12-30
MPC__PSX,MPC,PSX,20220930_1_0,track_b,2022-10-03,2022-12-30
MPC__VLO,MPC,VLO,20220930_1_0,track_b,2022-10-03,2022-12-30
PSX__VLO,PSX,VLO,20220930_1_0,track_b,2022-10-03,2022-12-30
COP__EOG,COP,EOG,20220930_1_1,track_b,2022-10-03,2022-12-30
CL__KMB,CL,KMB,20220930_3_0,track_b,2022-10-03,2022-12-30
C__HAL,C,HAL,20220930_4_0,track_b,2022-10-03,2022-12-30
C__OXY,C,OXY,20220930_4_0,track_b,2022-10-03,2022-12-30
HAL__OXY,HAL,OXY,20220930_4_0,track_b,2022-10-03,2022-12-30
SLB__USB,SLB,USB,20220930_4_1,track_b,2022-10-03,2022-12-30
AAPL__NVDA,AAPL,NVDA,20220930_5_0,track_b,2022-10-03,2022-12-30
GIS__IBM,GIS,IBM,20220930_6_0,track_b,2022-10-03,2022-12-30
GIS__PNC,GIS,PNC,20220930_6_0,track_b,2022-10-03,2022-12-30
GIS__SYY,GIS,SYY,20220930_6_0,track_b,2022-10-03,2022-12-30
IBM__PNC,IBM,PNC,20220930_6_0,track_b,2022-10-03,2022-12-30
IBM__SYY,IBM,SYY,20220930_6_0,track_b,2022-10-03,2022-12-30
PNC__SYY,PNC,SYY,20220930_6_0,track_b,2022-10-03,2022-12-30
MDLZ__MS,MDLZ,MS,20220930_8_0,track_b,2022-10-03,2022-12-30
MDLZ__QCOM,MDLZ,QCOM,20220930_8_0,track_b,2022-10-03,2022-12-30
MS__QCOM,MS,QCOM,20220930_8_0,track_b,2022-10-03,2022-12-30
JPM__XOM,JPM,XOM,20220930_8_1,track_b,2022-10-03,2022-12-30
BAC__WFC,BAC,WFC,20220930_8_2,track_b,2022-10-03,2022-12-30
AXP__CVX,AXP,CVX,20220930_8_3,track_b,2022-10-03,2022-12-30
ADBE__PEP,ADBE,PEP,20220930_9_0,track_b,2022-10-03,2022-12-30
ADBE__PG,ADBE,PG,20220930_9_0,track_b,2022-10-03,2022-12-30
ADBE__TXN,ADBE,TXN,20220930_9_0,track_b,2022-10-03,2022-12-30
PEP__PG,PEP,PG,20220930_9_0,track_b,2022-10-03,2022-12-30
PEP__TXN,PEP,TXN,20220930_9_0,track_b,2022-10-03,2022-12-30
PG__TXN,PG,TXN,20220930_9_0,track_b,2022-10-03,2022-12-30
CL__KMB,CL,KMB,20221230_0_0,track_b,2023-01-03,2023-03-31
AAPL__MSFT,AAPL,MSFT,20221230_1_0,track_b,2023-01-03,2023-03-31
CVX__EOG,CVX,EOG,20221230_2_0,track_b,2023-01-03,2023-03-31
AXP__COP,AXP,COP,20221230_2_1,track_b,2023-01-03,2023-03-31
JPM__XOM,JPM,XOM,20221230_2_2,track_b,2023-01-03,2023-03-31
SLB__WFC,SLB,WFC,20221230_3_0,track_b,2023-01-03,2023-03-31
MDLZ__OXY,MDLZ,OXY,20221230_3_1,track_b,2023-01-03,2023-03-31
HAL__USB,HAL,USB,20221230_3_2,track_b,2023-01-03,2023-03-31
BAC__MS,BAC,MS,20221230_3_3,track_b,2023-01-03,2023-03-31
GIS__SYY,GIS,SYY,20221230_6_0,track_b,2023-01-03,2023-03-31
PEP__PG,PEP,PG,20221230_8_0,track_b,2023-01-03,2023-03-31
PEP__QCOM,PEP,QCOM,20221230_8_0,track_b,2023-01-03,2023-03-31
PEP__TXN,PEP,TXN,20221230_8_0,track_b,2023-01-03,2023-03-31
PG__QCOM,PG,QCOM,20221230_8_0,track_b,2023-01-03,2023-03-31
PG__TXN,PG,TXN,20221230_8_0,track_b,2023-01-03,2023-03-31
QCOM__TXN,QCOM,TXN,20221230_8_0,track_b,2023-01-03,2023-03-31
MPC__VLO,MPC,VLO,20221230_9_0,track_b,2023-01-03,2023-03-31
IBM__PNC,IBM,PNC,20221230_9_1,track_b,2023-01-03,2023-03-31
IBM__PSX,IBM,PSX,20221230_9_1,track_b,2023-01-03,2023-03-31
PNC__PSX,PNC,PSX,20221230_9_1,track_b,2023-01-03,2023-03-31
ADBE__COST,ADBE,COST,20221230_11_0,track_b,2023-01-03,2023-03-31
CSCO__KO,CSCO,KO,20221230_12_0,track_b,2023-01-03,2023-03-31
CSCO__WMT,CSCO,WMT,20221230_12_0,track_b,2023-01-03,2023-03-31
KO__WMT,KO,WMT,20221230_12_0,track_b,2023-01-03,2023-03-31
INTC__ORCL,INTC,ORCL,20221230_12_1,track_b,2023-01-03,2023-03-31
GIS__OXY,GIS,OXY,20230331_0_0,track_b,2023-04-03,2023-06-30
GIS__SYY,GIS,SYY,20230331_0_0,track_b,2023-04-03,2023-06-30
OXY__SYY,OXY,SYY,20230331_0_0,track_b,2023-04-03,2023-06-30
IBM__VLO,IBM,VLO,20230331_1_0,track_b,2023-04-03,2023-06-30
PNC__PSX,PNC,PSX,20230331_1_1,track_b,2023-04-03,2023-06-30
EOG__MPC,EOG,MPC,20230331_1_2,track_b,2023-04-03,2023-06-30
ADBE__COST,ADBE,COST,20230331_4_0,track_b,2023-04-03,2023-06-30
AXP__COP,AXP,COP,20230331_5_0,track_b,2023-04-03,2023-06-30
QCOM__XOM,QCOM,XOM,20230331_5_1,track_b,2023-04-03,2023-06-30
JPM__MS,JPM,MS,20230331_5_2,track_b,2023-04-03,2023-06-30
CVX__MDLZ,CVX,MDLZ,20230331_5_3,track_b,2023-04-03,2023-06-30
ORCL__PEP,ORCL,PEP,20230331_6_0,track_b,2023-04-03,2023-06-30
ORCL__PG,ORCL,PG,20230331_6_0,track_b,2023-04-03,2023-06-30
ORCL__TXN,ORCL,TXN,20230331_6_0,track_b,2023-04-03,2023-06-30
PEP__PG,PEP,PG,20230331_6_0,track_b,2023-04-03,2023-06-30
PEP__TXN,PEP,TXN,20230331_6_0,track_b,2023-04-03,2023-06-30
PG__TXN,PG,TXN,20230331_6_0,track_b,2023-04-03,2023-06-30
CL__KMB,CL,KMB,20230331_7_0,track_b,2023-04-03,2023-06-30
C__HAL,C,HAL,20230331_9_0,track_b,2023-04-03,2023-06-30
USB__WFC,USB,WFC,20230331_9_1,track_b,2023-04-03,2023-06-30
BAC__SLB,BAC,SLB,20230331_9_2,track_b,2023-04-03,2023-06-30
CSCO__INTC,CSCO,INTC,20230331_10_0,track_b,2023-04-03,2023-06-30
CSCO__KO,CSCO,KO,20230331_10_0,track_b,2023-04-03,2023-06-30
CSCO__WMT,CSCO,WMT,20230331_10_0,track_b,2023-04-03,2023-06-30
INTC__KO,INTC,KO,20230331_10_0,track_b,2023-04-03,2023-06-30
INTC__WMT,INTC,WMT,20230331_10_0,track_b,2023-04-03,2023-06-30
KO__WMT,KO,WMT,20230331_10_0,track_b,2023-04-03,2023-06-30
PEP__TXN,PEP,TXN,20230630_1_0,track_b,2023-07-03,2023-09-29
AXP__CVX,AXP,CVX,20230630_1_1,track_b,2023-07-03,2023-09-29
MDLZ__XOM,MDLZ,XOM,20230630_1_2,track_b,2023-07-03,2023-09-29
MS__QCOM,MS,QCOM,20230630_1_3,track_b,2023-07-03,2023-09-29
CSCO__KO,CSCO,KO,20230630_1_4,track_b,2023-07-03,2023-09-29
CSCO__WMT,CSCO,WMT,20230630_1_4,track_b,2023-07-03,2023-09-29
KO__WMT,KO,WMT,20230630_1_4,track_b,2023-07-03,2023-09-29
JPM__PG,JPM,PG,20230630_1_5,track_b,2023-07-03,2023-09-29
IBM__MPC,IBM,MPC,20230630_3_0,track_b,2023-07-03,2023-09-29
GIS__SYY,GIS,SYY,20230630_3_1,track_b,2023-07-03,2023-09-29
PSX__VLO,PSX,VLO,20230630_3_2,track_b,2023-07-03,2023-09-29
COP__EOG,COP,EOG,20230630_3_3,track_b,2023-07-03,2023-09-29
OXY__PNC,OXY,PNC,20230630_3_4,track_b,2023-07-03,2023-09-29
CL__KMB,CL,KMB,20230630_6_0,track_b,2023-07-03,2023-09-29
AAPL__ORCL,AAPL,ORCL,20230630_7_0,track_b,2023-07-03,2023-09-29
ADBE__COST,ADBE,COST,20230630_8_0,track_b,2023-07-03,2023-09-29
C__HAL,C,HAL,20230630_9_0,track_b,2023-07-03,2023-09-29
BAC__INTC,BAC,INTC,20230630_9_1,track_b,2023-07-03,2023-09-29
BAC__WFC,BAC,WFC,20230630_9_1,track_b,2023-07-03,2023-09-29
INTC__WFC,INTC,WFC,20230630_9_1,track_b,2023-07-03,2023-09-29
SLB__USB,SLB,USB,20230630_9_2,track_b,2023-07-03,2023-09-29
INTC__WMT,INTC,WMT,20230929_0_0,track_b,2023-10-02,2023-12-29
GIS__SYY,GIS,SYY,20230929_2_0,track_b,2023-10-02,2023-12-29
IBM__MPC,IBM,MPC,20230929_2_1,track_b,2023-10-02,2023-12-29
IBM__VLO,IBM,VLO,20230929_2_1,track_b,2023-10-02,2023-12-29
MPC__VLO,MPC,VLO,20230929_2_1,track_b,2023-10-02,2023-12-29
PNC__PSX,PNC,PSX,20230929_2_2,track_b,2023-10-02,2023-12-29
CL__KMB,CL,KMB,20230929_5_0,track_b,2023-10-02,2023-12-29
JPM__XOM,JPM,XOM,20230929_6_0,track_b,2023-10-02,2023-12-29
COP__EOG,COP,EOG,20230929_6_1,track_b,2023-10-02,2023-12-29
PEP__TXN,PEP,TXN,20230929_6_2,track_b,2023-10-02,2023-12-29
PG__QCOM,PG,QCOM,20230929_6_3,track_b,2023-10-02,2023-12-29
AXP__CVX,AXP,CVX,20230929_6_4,track_b,2023-10-02,2023-12-29
AAPL__ORCL,AAPL,ORCL,20230929_7_0,track_b,2023-10-02,2023-12-29
ADBE__COST,ADBE,COST,20230929_8_0,track_b,2023-10-02,2023-12-29
CSCO__KO,CSCO,KO,20230929_10_0,track_b,2023-10-02,2023-12-29
CSCO__SLB,CSCO,SLB,20230929_10_0,track_b,2023-10-02,2023-12-29
KO__SLB,KO,SLB,20230929_10_0,track_b,2023-10-02,2023-12-29
MDLZ__MS,MDLZ,MS,20230929_10_1,track_b,2023-10-02,2023-12-29
C__USB,C,USB,20230929_10_2,track_b,2023-10-02,2023-12-29
HAL__OXY,HAL,OXY,20230929_10_3,track_b,2023-10-02,2023-12-29
BAC__WFC,BAC,WFC,20230929_10_4,track_b,2023-10-02,2023-12-29
GIS__SYY,GIS,SYY,20231229_0_0,track_b,2024-01-02,2024-03-28
BAC__INTC,BAC,INTC,20231229_3_0,track_b,2024-01-02,2024-03-28
BAC__WFC,BAC,WFC,20231229_3_0,track_b,2024-01-02,2024-03-28
BAC__WMT,BAC,WMT,20231229_3_0,track_b,2024-01-02,2024-03-28
INTC__WFC,INTC,WFC,20231229_3_0,track_b,2024-01-02,2024-03-28
INTC__WMT,INTC,WMT,20231229_3_0,track_b,2024-01-02,2024-03-28
WFC__WMT,WFC,WMT,20231229_3_0,track_b,2024-01-02,2024-03-28
PEP__TXN,PEP,TXN,20231229_4_0,track_b,2024-01-02,2024-03-28
COP__CVX,COP,CVX,20231229_4_1,track_b,2024-01-02,2024-03-28
PG__QCOM,PG,QCOM,20231229_4_2,track_b,2024-01-02,2024-03-28
MS__XOM,MS,XOM,20231229_4_3,track_b,2024-01-02,2024-03-28
KO__MDLZ,KO,MDLZ,20231229_4_4,track_b,2024-01-02,2024-03-28
AXP__JPM,AXP,JPM,20231229_4_5,track_b,2024-01-02,2024-03-28
BLK__COST,BLK,COST,20231229_6_0,track_b,2024-01-02,2024-03-28
PNC__PSX,PNC,PSX,20231229_7_0,track_b,2024-01-02,2024-03-28
EOG__MPC,EOG,MPC,20231229_7_1,track_b,2024-01-02,2024-03-28
IBM__VLO,IBM,VLO,20231229_7_2,track_b,2024-01-02,2024-03-28
AAPL__ORCL,AAPL,ORCL,20231229_8_0,track_b,2024-01-02,2024-03-28
CSCO__SLB,CSCO,SLB,20231229_10_0,track_b,2024-01-02,2024-03-28
C__HAL,C,HAL,20231229_10_1,track_b,2024-01-02,2024-03-28
OXY__USB,OXY,USB,20231229_10_2,track_b,2024-01-02,2024-03-28
IBM__PEP,IBM,PEP,20240328_0_0,track_b,2024-04-01,2024-06-28
JPM__PG,JPM,PG,20240328_0_1,track_b,2024-04-01,2024-06-28
AXP__TXN,AXP,TXN,20240328_0_2,track_b,2024-04-01,2024-06-28
COP__QCOM,COP,QCOM,20240328_0_3,track_b,2024-04-01,2024-06-28
BLK__COST,BLK,COST,20240328_2_0,track_b,2024-04-01,2024-06-28
GIS__KMB,GIS,KMB,20240328_4_0,track_b,2024-04-01,2024-06-28
GIS__SYY,GIS,SYY,20240328_4_0,track_b,2024-04-01,2024-06-28
KMB__SYY,KMB,SYY,20240328_4_0,track_b,2024-04-01,2024-06-28
ADBE__MSFT,ADBE,MSFT,20240328_5_0,track_b,2024-04-01,2024-06-28
C__SLB,C,SLB,20240328_6_0,track_b,2024-04-01,2024-06-28
MS__XOM,MS,XOM,20240328_6_1,track_b,2024-04-01,2024-06-28
HAL__USB,HAL,USB,20240328_6_2,track_b,2024-04-01,2024-06-28
BAC__WFC,BAC,WFC,20240328_6_3,track_b,2024-04-01,2024-06-28
CSCO__MDLZ,CSCO,MDLZ,20240328_6_4,track_b,2024-04-01,2024-06-28
CSCO__OXY,CSCO,OXY,20240328_6_4,track_b,2024-04-01,2024-06-28
MDLZ__OXY,MDLZ,OXY,20240328_6_4,track_b,2024-04-01,2024-06-28
INTC__KO,INTC,KO,20240328_7_0,track_b,2024-04-01,2024-06-28
INTC__WMT,INTC,WMT,20240328_7_0,track_b,2024-04-01,2024-06-28
KO__WMT,KO,WMT,20240328_7_0,track_b,2024-04-01,2024-06-28
PNC__PSX,PNC,PSX,20240328_9_0,track_b,2024-04-01,2024-06-28
CVX__EOG,CVX,EOG,20240328_9_1,track_b,2024-04-01,2024-06-28
MPC__VLO,MPC,VLO,20240328_9_2,track_b,2024-04-01,2024-06-28
AAPL__ORCL,AAPL,ORCL,20240328_10_0,track_b,2024-04-01,2024-06-28
JPM__QCOM,JPM,QCOM,20240628_1_0,track_b,2024-07-01,2024-09-30
AXP__PG,AXP,PG,20240628_1_1,track_b,2024-07-01,2024-09-30
AXP__TXN,AXP,TXN,20240628_1_1,track_b,2024-07-01,2024-09-30
PG__TXN,PG,TXN,20240628_1_1,track_b,2024-07-01,2024-09-30
BLK__COST,BLK,COST,20240628_2_0,track_b,2024-07-01,2024-09-30
COP__MS,COP,MS,20240628_4_0,track_b,2024-07-01,2024-09-30
MPC__PSX,MPC,PSX,20240628_4_1,track_b,2024-07-01,2024-09-30
CVX__EOG,CVX,EOG,20240628_4_2,track_b,2024-07-01,2024-09-30
IBM__VLO,IBM,VLO,20240628_4_3,track_b,2024-07-01,2024-09-30
PEP__PNC,PEP,PNC,20240628_4_4,track_b,2024-07-01,2024-09-30
AAPL__ORCL,AAPL,ORCL,20240628_6_0,track_b,2024-07-01,2024-09-30
BAC__KO,BAC,KO,20240628_7_0,track_b,2024-07-01,2024-09-30
BAC__WFC,BAC,WFC,20240628_7_0,track_b,2024-07-01,2024-09-30
KO__WFC,KO,WFC,20240628_7_0,track_b,2024-07-01,2024-09-30
INTC__WMT,INTC,WMT,20240628_7_1,track_b,2024-07-01,2024-09-30
C__XOM,C,XOM,20240628_7_2,track_b,2024-07-01,2024-09-30
CSCO__SLB,CSCO,SLB,20240628_9_0,track_b,2024-07-01,2024-09-30
HAL__USB,HAL,USB,20240628_9_1,track_b,2024-07-01,2024-09-30
MDLZ__OXY,MDLZ,OXY,20240628_9_2,track_b,2024-07-01,2024-09-30
GIS__SYY,GIS,SYY,20240628_9_3,track_b,2024-07-01,2024-09-30
ADBE__MSFT,ADBE,MSFT,20240628_10_0,track_b,2024-07-01,2024-09-30
JPM__PG,JPM,PG,20240930_0_0,track_b,2024-10-01,2024-12-31
IBM__PEP,IBM,PEP,20240930_0_1,track_b,2024-10-01,2024-12-31
KO__QCOM,KO,QCOM,20240930_0_2,track_b,2024-10-01,2024-12-31
KO__WMT,KO,WMT,20240930_0_2,track_b,2024-10-01,2024-12-31
QCOM__WMT,QCOM,WMT,20240930_0_2,track_b,2024-10-01,2024-12-31
AXP__TXN,AXP,TXN,20240930_0_3,track_b,2024-10-01,2024-12-31
BLK__COST,BLK,COST,20240930_2_0,track_b,2024-10-01,2024-12-31
PSX__VLO,PSX,VLO,20240930_3_0,track_b,2024-10-01,2024-12-31
OXY__USB,OXY,USB,20240930_3_1,track_b,2024-10-01,2024-12-31
CVX__EOG,CVX,EOG,20240930_3_2,track_b,2024-10-01,2024-12-31
GIS__SYY,GIS,SYY,20240930_3_3,track_b,2024-10-01,2024-12-31
MPC__PNC,MPC,PNC,20240930_3_4,track_b,2024-10-01,2024-12-31
COP__HAL,COP,HAL,20240930_3_5,track_b,2024-10-01,2024-12-31
MDLZ__MS,MDLZ,MS,20240930_4_0,track_b,2024-10-01,2024-12-31
BAC__INTC,BAC,INTC,20240930_4_1,track_b,2024-10-01,2024-12-31
BAC__WFC,BAC,WFC,20240930_4_1,track_b,2024-10-01,2024-12-31
INTC__WFC,INTC,WFC,20240930_4_1,track_b,2024-10-01,2024-12-31
C__SLB,C,SLB,20240930_4_2,track_b,2024-10-01,2024-12-31
CSCO__XOM,CSCO,XOM,20240930_4_3,track_b,2024-10-01,2024-12-31
AAPL__ORCL,AAPL,ORCL,20240930_6_0,track_b,2024-10-01,2024-12-31
ADBE__GS,ADBE,GS,20240930_8_0,track_b,2024-10-01,2024-12-31
